geneName,Duct_1,Duct_2,ZoneABC,ZoneA_MaSp1,ZoneA_MaSp2,ZoneA_SpiCE-LMa3,ZoneB_MaSp3,ZoneC_SpiCE-LMa1,ZoneC,ZoneB,ZoneA,Tail,Sac,Duct
MaSp1a,NA,NA,NA,1,13,NA,NA,NA,NA,NA,1,38,NA,NA
MaSp1b,NA,NA,NA,2,NA,NA,NA,NA,NA,NA,4,NA,NA,NA
MaSp1c,NA,NA,NA,3,NA,NA,NA,NA,NA,NA,32,NA,NA,NA
ktn1,NA,NA,NA,4,44,NA,33,NA,NA,NA,NA,NA,NA,NA
plcb1,NA,NA,NA,5,NA,NA,NA,NA,NA,NA,20,NA,NA,NA
hdlbp_2,NA,NA,NA,6,24,NA,NA,NA,NA,NA,NA,NA,NA,NA
slc5a8_13,NA,NA,NA,7,NA,NA,NA,NA,NA,NA,NA,NA,NA,NA
tbc1d2b_2,NA,NA,NA,8,NA,NA,NA,NA,NA,NA,NA,NA,NA,NA
aldh1l2,NA,NA,NA,9,NA,NA,NA,NA,NA,NA,NA,NA,NA,NA
syt15,NA,NA,NA,10,NA,NA,NA,NA,NA,NA,NA,NA,NA,NA
jub_2,NA,NA,NA,11,NA,NA,NA,NA,NA,NA,NA,NA,NA,NA
eprs,NA,NA,NA,12,94,NA,NA,NA,NA,NA,NA,NA,NA,NA
septin9,NA,NA,NA,13,NA,NA,NA,NA,NA,NA,NA,NA,NA,NA
LASC010536,NA,NA,NA,14,NA,NA,NA,NA,NA,NA,NA,NA,NA,NA
LASC013472,NA,NA,NA,15,NA,NA,NA,NA,NA,NA,NA,NA,NA,NA
celf2,NA,NA,NA,16,NA,NA,NA,NA,NA,NA,NA,NA,NA,NA
slc6a5,NA,65,NA,17,NA,NA,NA,NA,NA,NA,NA,NA,NA,NA
eif3a_2,NA,NA,NA,18,NA,NA,NA,NA,NA,NA,NA,NA,NA,NA
slc7a6_slc7a8,NA,NA,NA,19,NA,NA,NA,NA,NA,NA,NA,NA,NA,NA
balat_4,NA,NA,NA,20,NA,NA,NA,NA,NA,NA,NA,NA,NA,NA
LASC012300,NA,NA,NA,21,NA,NA,NA,NA,NA,NA,NA,NA,NA,NA
glt1,NA,NA,NA,22,NA,NA,NA,NA,NA,NA,NA,NA,NA,NA
tmem72,NA,NA,NA,23,NA,NA,NA,NA,NA,NA,NA,NA,NA,NA
dscam2_dscam_4,NA,NA,NA,24,NA,NA,NA,NA,NA,NA,NA,NA,NA,NA
adgrl3,NA,NA,NA,25,NA,NA,NA,NA,NA,NA,NA,NA,NA,NA
adamtsl5_2,NA,NA,NA,26,NA,NA,NA,NA,NA,NA,NA,NA,NA,NA
snap25,NA,NA,NA,27,NA,NA,NA,NA,NA,NA,NA,NA,NA,NA
picot_5,NA,NA,NA,28,NA,NA,NA,NA,NA,NA,NA,NA,NA,NA
gata2,29,NA,NA,29,NA,NA,NA,NA,NA,NA,NA,NA,67,NA
wac,NA,NA,NA,30,NA,NA,NA,NA,NA,NA,NA,NA,NA,NA
kazn,NA,NA,NA,31,NA,NA,NA,NA,NA,NA,NA,NA,NA,NA
LASC006980,NA,NA,NA,32,60,NA,NA,NA,NA,NA,NA,43,NA,NA
lmo1,NA,NA,NA,33,NA,80,NA,NA,NA,NA,NA,NA,NA,NA
at5g10370_2,NA,NA,NA,34,NA,NA,NA,NA,NA,NA,NA,NA,NA,NA
hmcn1_robo1,NA,NA,NA,35,NA,NA,NA,NA,NA,NA,NA,NA,NA,NA
gigyf1,NA,NA,NA,36,NA,NA,NA,NA,NA,NA,NA,NA,NA,NA
lhfpl2a,NA,85,NA,37,NA,NA,NA,NA,NA,NA,NA,NA,NA,NA
LASC005170,NA,NA,NA,38,NA,NA,NA,NA,NA,NA,NA,NA,NA,NA
cobll1_2,NA,NA,NA,39,NA,NA,NA,NA,NA,NA,18,NA,NA,NA
phgdh,NA,NA,NA,40,NA,67,NA,NA,NA,NA,NA,NA,NA,NA
k02a2.6_4,NA,NA,NA,41,NA,NA,NA,NA,NA,NA,NA,NA,NA,NA
LASC016455,NA,NA,NA,42,69,NA,NA,NA,NA,NA,2,NA,NA,NA
rhou,NA,NA,NA,43,NA,NA,NA,NA,NA,NA,NA,NA,NA,NA
trip11,NA,NA,NA,44,NA,NA,NA,NA,NA,NA,NA,NA,NA,NA
lrmp,NA,NA,NA,45,NA,NA,NA,NA,NA,NA,NA,NA,NA,NA
LASC020669,NA,NA,NA,46,NA,NA,NA,NA,NA,NA,NA,NA,NA,NA
v1g211400_2,NA,NA,NA,47,NA,NA,NA,NA,NA,NA,NA,NA,NA,NA
unc13b,67,NA,NA,48,NA,NA,NA,NA,NA,NA,NA,NA,NA,NA
gw_2,NA,NA,NA,49,NA,NA,NA,NA,NA,NA,NA,NA,NA,NA
ldlr,17,NA,NA,50,NA,NA,NA,NA,NA,NA,NA,NA,NA,NA
trabd2b_3,NA,NA,NA,51,NA,NA,NA,NA,NA,NA,NA,NA,NA,NA
zfp26_znf268_znf569_znf84_znf845_znf208_znf91_znf271,NA,NA,NA,52,NA,NA,NA,NA,NA,NA,NA,NA,NA,NA
efcab14,NA,NA,NA,53,NA,NA,NA,NA,NA,NA,NA,NA,NA,NA
frmpd2_mpdz,NA,NA,NA,54,NA,NA,NA,NA,NA,NA,NA,NA,NA,NA
wnt5a,NA,NA,NA,55,NA,NA,NA,NA,NA,NA,NA,NA,NA,NA
ptp69d,82,NA,NA,56,NA,NA,NA,NA,NA,NA,NA,NA,NA,NA
terb1,NA,NA,NA,57,NA,NA,NA,NA,NA,NA,NA,NA,NA,NA
rdr1_4,NA,32,NA,58,NA,NA,NA,NA,NA,NA,NA,NA,NA,NA
egr3_2,NA,NA,NA,59,NA,NA,NA,NA,NA,NA,NA,NA,NA,NA
btbd6_klhl6,NA,NA,NA,60,NA,NA,NA,NA,NA,NA,NA,NA,NA,NA
abcb4,NA,NA,NA,61,NA,NA,NA,NA,NA,NA,NA,NA,NA,NA
col15a1_mimi_r240,NA,NA,NA,62,NA,NA,NA,NA,NA,NA,NA,NA,NA,NA
cep170b,NA,NA,NA,63,NA,NA,NA,NA,NA,NA,NA,NA,NA,NA
cpt1a_3,NA,NA,NA,64,NA,NA,86,NA,NA,NA,NA,NA,NA,NA
ormdl3,NA,NA,NA,65,NA,NA,NA,NA,NA,NA,NA,NA,NA,NA
ahcyl1,NA,NA,NA,66,NA,NA,NA,NA,NA,NA,NA,NA,NA,NA
cpeb3,NA,NA,NA,67,NA,NA,NA,NA,NA,NA,NA,NA,NA,NA
LASC015928,NA,NA,NA,68,NA,NA,NA,NA,NA,NA,NA,NA,NA,NA
orct_3,NA,NA,NA,69,NA,NA,NA,NA,NA,NA,NA,NA,NA,NA
ano5_ano4_ano6,NA,NA,NA,70,NA,NA,NA,NA,NA,NA,NA,NA,NA,NA
dyc-1,NA,NA,NA,71,NA,NA,NA,NA,NA,NA,NA,NA,NA,NA
rmi1,NA,NA,NA,72,NA,NA,NA,NA,NA,NA,NA,NA,NA,NA
slc39a13,NA,NA,NA,73,NA,53,NA,NA,NA,NA,NA,NA,NA,NA
abd-a,NA,NA,NA,74,NA,NA,NA,NA,NA,NA,NA,NA,NA,3
il16,NA,NA,NA,75,NA,NA,NA,NA,NA,NA,NA,NA,6,NA
cobll1,NA,NA,NA,76,NA,NA,NA,NA,NA,NA,NA,NA,NA,NA
slc31a1,NA,NA,NA,77,NA,NA,NA,NA,NA,NA,NA,NA,NA,NA
LASC005893,NA,NA,NA,78,NA,NA,NA,NA,NA,NA,NA,NA,NA,NA
akap13_2,NA,NA,NA,79,NA,NA,NA,NA,NA,NA,NA,NA,NA,NA
LASC018956,NA,NA,NA,80,NA,NA,NA,NA,NA,NA,NA,NA,NA,NA
bmp2_2,NA,NA,NA,81,NA,NA,NA,NA,NA,NA,NA,NA,NA,NA
spri,NA,NA,NA,82,NA,NA,NA,NA,NA,NA,NA,NA,NA,NA
tmem259_2,NA,NA,NA,83,NA,NA,NA,NA,NA,NA,NA,NA,NA,NA
tdpoz1_12,NA,NA,NA,84,NA,NA,NA,NA,NA,NA,NA,NA,NA,NA
cbp53e,NA,NA,NA,85,NA,NA,NA,NA,NA,NA,NA,NA,NA,NA
itga9,NA,NA,NA,86,NA,NA,NA,NA,NA,NA,NA,NA,NA,NA
zbtb45,NA,NA,NA,87,NA,NA,NA,NA,NA,NA,NA,NA,NA,NA
cracr2b_rsef-1_rasef,NA,NA,NA,88,NA,NA,NA,NA,NA,NA,NA,NA,NA,NA
LASC011129,NA,NA,NA,89,NA,NA,NA,NA,NA,NA,NA,NA,NA,NA
mylk_3,NA,NA,NA,90,NA,NA,NA,NA,NA,NA,NA,NA,NA,NA
rb1,NA,NA,NA,91,NA,NA,NA,NA,NA,NA,NA,NA,NA,NA
kctd15,NA,NA,NA,92,74,NA,NA,NA,NA,NA,NA,NA,NA,NA
mettl9,NA,NA,NA,93,NA,NA,NA,NA,NA,NA,NA,NA,NA,NA
chka,NA,NA,NA,94,NA,NA,NA,NA,NA,NA,NA,NA,NA,NA
LASC020807,NA,NA,NA,95,NA,NA,NA,NA,NA,NA,NA,NA,NA,NA
LASC018915,NA,NA,NA,96,NA,NA,NA,NA,NA,NA,NA,NA,NA,NA
dag1,NA,NA,NA,97,NA,NA,NA,NA,NA,NA,NA,NA,NA,NA
LASC020871,NA,NA,NA,98,NA,NA,NA,NA,NA,NA,NA,NA,NA,NA
xpc,75,NA,NA,99,NA,NA,NA,NA,NA,NA,NA,NA,NA,NA
MaSp2f,NA,NA,NA,NA,1,NA,NA,NA,NA,NA,5,1,NA,NA
MaSp2c,NA,NA,NA,NA,2,NA,NA,NA,NA,NA,3,9,NA,NA
MaSp2b,NA,NA,NA,NA,3,NA,NA,NA,NA,NA,31,19,NA,NA
MaSp2e,NA,NA,NA,NA,4,NA,NA,NA,NA,NA,6,6,NA,NA
hn,NA,NA,NA,NA,5,NA,NA,NA,NA,NA,7,10,NA,NA
MaSp2a,NA,NA,NA,NA,6,NA,NA,NA,NA,NA,25,18,NA,NA
LASC005175,NA,NA,NA,NA,7,NA,NA,NA,NA,NA,NA,NA,NA,NA
LASC004266,NA,NA,NA,NA,8,NA,NA,NA,NA,NA,9,4,NA,NA
LASC003334,NA,NA,NA,NA,9,NA,NA,NA,NA,NA,NA,NA,NA,NA
LASC004264,NA,NA,NA,NA,10,NA,NA,NA,NA,NA,NA,15,NA,NA
LASC009844,NA,NA,NA,NA,11,45,NA,NA,NA,NA,10,31,NA,NA
MaSp4,NA,NA,NA,NA,12,NA,NA,NA,NA,NA,NA,34,NA,NA
lman2l,NA,NA,NA,NA,14,69,NA,NA,NA,NA,29,53,NA,NA
LASC021758,NA,NA,NA,NA,15,38,NA,NA,NA,NA,11,NA,NA,NA
rpp-2_rplp2,NA,NA,NA,NA,16,13,NA,NA,NA,NA,NA,NA,NA,NA
rpsa,NA,NA,NA,NA,17,43,NA,NA,NA,NA,NA,NA,NA,NA
LASC002055,21,NA,NA,NA,18,NA,NA,NA,NA,NA,NA,NA,NA,NA
slc16a12b,NA,NA,NA,NA,19,NA,NA,NA,NA,NA,NA,22,NA,NA
gstm1_3,NA,NA,NA,NA,20,NA,NA,NA,NA,NA,NA,NA,NA,NA
psph_2,NA,NA,NA,NA,21,98,NA,NA,NA,NA,NA,NA,NA,NA
LASC021139,NA,NA,NA,NA,22,NA,NA,NA,NA,NA,NA,NA,NA,NA
jagn,NA,NA,NA,NA,23,20,NA,NA,NA,NA,NA,NA,NA,NA
eef1alpha1_2,NA,NA,NA,NA,25,NA,NA,NA,NA,NA,NA,NA,NA,NA
LASC012921,NA,NA,NA,NA,26,NA,NA,NA,NA,NA,NA,33,NA,NA
gdf-8,NA,NA,NA,NA,27,NA,NA,NA,NA,NA,30,NA,NA,NA
boka_bok,NA,NA,NA,NA,28,68,NA,NA,NA,NA,NA,30,NA,NA
LASC004268,NA,NA,NA,NA,29,NA,NA,NA,NA,NA,NA,40,NA,NA
rps20,NA,NA,NA,NA,30,12,NA,NA,NA,NA,NA,NA,NA,NA
amdhd1,NA,NA,NA,NA,31,NA,NA,NA,NA,NA,NA,NA,NA,NA
znf474_2,NA,NA,NA,NA,32,NA,NA,NA,NA,NA,NA,27,NA,NA
pycr2_rnf170_pycr1,NA,NA,NA,NA,33,52,NA,NA,NA,NA,16,NA,NA,NA
aldh18a1,NA,NA,NA,NA,34,NA,NA,NA,NA,NA,17,NA,NA,NA
cg7990,72,NA,NA,NA,35,NA,NA,NA,NA,NA,NA,NA,NA,NA
LASC016431,NA,NA,NA,NA,36,NA,NA,NA,NA,NA,NA,NA,NA,NA
nup210,NA,NA,NA,NA,37,NA,NA,NA,NA,NA,NA,NA,NA,NA
rps15a,NA,NA,NA,NA,38,42,NA,NA,NA,NA,NA,NA,NA,NA
fau,NA,NA,NA,NA,39,18,NA,NA,NA,NA,NA,NA,NA,NA
oat,NA,NA,NA,NA,40,NA,NA,NA,NA,NA,35,NA,NA,NA
tmed6,NA,NA,NA,NA,41,NA,NA,NA,NA,NA,NA,NA,NA,NA
kiaa1324l,NA,NA,NA,NA,42,NA,NA,NA,NA,NA,NA,NA,NA,NA
rps8,NA,NA,NA,NA,43,24,NA,NA,NA,NA,NA,3,NA,NA
ascc1,NA,NA,NA,NA,45,NA,NA,NA,NA,NA,NA,NA,NA,NA
LASC007183,NA,NA,NA,NA,46,NA,NA,NA,NA,NA,NA,NA,NA,NA
LASC001045,NA,NA,NA,NA,47,NA,NA,NA,NA,NA,NA,NA,NA,NA
otoplc_6,NA,NA,NA,NA,48,NA,NA,NA,NA,NA,NA,NA,NA,NA
rps12,NA,NA,NA,NA,49,8,NA,NA,NA,NA,NA,2,NA,NA
cdo1,NA,NA,NA,NA,50,NA,NA,NA,NA,NA,NA,NA,NA,NA
rps27a,NA,NA,NA,NA,51,3,NA,NA,NA,NA,NA,NA,NA,NA
upp1,NA,NA,NA,NA,52,NA,NA,NA,NA,NA,NA,NA,NA,NA
syt15_2,NA,NA,NA,NA,53,NA,NA,NA,NA,NA,NA,NA,NA,NA
dnm1l,NA,NA,NA,NA,54,NA,NA,NA,NA,NA,NA,NA,NA,NA
ncl,NA,NA,NA,NA,55,NA,NA,NA,NA,NA,NA,NA,NA,NA
sepp1b,NA,NA,NA,NA,56,NA,NA,NA,NA,NA,NA,NA,NA,NA
hexd_4,NA,NA,NA,NA,57,NA,NA,NA,NA,NA,NA,NA,NA,NA
rpp40,NA,NA,NA,NA,58,NA,NA,NA,NA,NA,NA,NA,NA,NA
rpl29,NA,NA,NA,NA,59,62,NA,NA,NA,NA,NA,NA,NA,NA
spata5_2,NA,NA,NA,NA,61,NA,NA,NA,NA,NA,NA,NA,NA,NA
epb4.1l4,NA,NA,NA,NA,62,NA,NA,NA,NA,NA,NA,NA,NA,NA
gpr83_3,NA,NA,NA,NA,63,NA,NA,NA,NA,NA,NA,NA,NA,NA
mrps16,NA,NA,NA,NA,64,16,NA,NA,NA,NA,NA,NA,NA,NA
x975_2,NA,NA,NA,NA,65,NA,NA,NA,NA,NA,NA,51,NA,NA
rpl6_rpl-6,NA,NA,NA,NA,66,NA,NA,NA,NA,NA,NA,NA,NA,NA
LASC005242,NA,NA,NA,NA,67,NA,NA,NA,NA,NA,NA,NA,NA,NA
ank3,NA,NA,NA,NA,68,NA,NA,NA,NA,NA,NA,NA,NA,NA
vnn3,31,NA,NA,NA,70,NA,NA,NA,NA,NA,NA,NA,NA,NA
LASC009234,NA,NA,NA,NA,71,NA,NA,NA,NA,NA,NA,NA,NA,NA
elavl2,NA,NA,NA,NA,72,NA,NA,NA,NA,NA,NA,NA,NA,NA
rps29,NA,NA,NA,NA,73,NA,NA,NA,NA,NA,NA,NA,NA,NA
sdr39u1,NA,NA,NA,NA,75,NA,NA,NA,NA,NA,NA,NA,NA,NA
pxt_6,NA,NA,NA,NA,76,NA,NA,NA,NA,NA,NA,NA,NA,NA
pnliprp1_6,NA,NA,NA,NA,77,NA,NA,NA,NA,NA,NA,NA,NA,NA
LASC014844,NA,NA,NA,NA,78,36,NA,NA,NA,NA,NA,NA,NA,NA
acat1-b,NA,NA,NA,NA,79,NA,NA,NA,NA,NA,NA,NA,NA,NA
LASC011002,NA,NA,NA,NA,80,NA,NA,NA,NA,NA,NA,23,NA,NA
slc25a26,NA,NA,NA,NA,81,NA,NA,NA,NA,NA,NA,NA,NA,NA
LASC016452,52,NA,NA,NA,82,NA,NA,NA,NA,NA,14,52,NA,NA
fkbp15,NA,NA,NA,NA,83,NA,NA,NA,NA,NA,NA,NA,NA,NA
rnasez_elac2,NA,NA,NA,NA,84,NA,NA,NA,NA,NA,NA,NA,NA,NA
znfx1_3,NA,NA,NA,NA,85,NA,NA,NA,NA,NA,NA,NA,NA,NA
isl1,NA,NA,NA,NA,86,NA,NA,NA,NA,NA,NA,NA,NA,NA
asic4,NA,46,NA,NA,87,NA,NA,NA,NA,NA,NA,NA,NA,NA
rp2,74,NA,NA,NA,88,NA,NA,NA,NA,NA,NA,NA,NA,NA
gas2,NA,NA,NA,NA,89,NA,NA,NA,NA,NA,33,NA,NA,NA
aimp1,NA,NA,NA,NA,90,NA,NA,NA,NA,NA,NA,NA,NA,NA
mfsd4b_4,NA,NA,NA,NA,91,NA,NA,NA,NA,NA,NA,NA,NA,NA
LASC011577,NA,NA,NA,NA,92,NA,NA,NA,NA,NA,NA,NA,NA,NA
pgbd4_15,NA,NA,NA,NA,93,NA,NA,NA,NA,NA,NA,NA,NA,NA
LASC006824,NA,NA,NA,NA,95,NA,NA,NA,NA,NA,NA,NA,NA,NA
scp2_3,NA,NA,NA,NA,96,NA,NA,NA,NA,NA,NA,NA,NA,NA
LASC021594,NA,NA,NA,NA,97,17,NA,NA,NA,NA,NA,NA,NA,NA
prkg1,NA,NA,NA,NA,98,NA,NA,NA,NA,NA,NA,NA,NA,NA
LASC002351,NA,NA,NA,NA,99,NA,NA,NA,NA,NA,NA,NA,NA,NA
MaSp3b,NA,NA,NA,NA,NA,NA,1,NA,NA,3,NA,NA,18,NA
LASC005273,NA,NA,NA,NA,NA,NA,2,NA,26,11,NA,NA,14,NA
beta_3,NA,NA,NA,NA,NA,NA,3,NA,NA,5,NA,NA,54,NA
sp-1339#prd34368.1_4,NA,NA,NA,NA,NA,NA,4,NA,24,8,NA,NA,75,NA
MaSp3a,NA,NA,NA,NA,NA,NA,5,NA,NA,2,NA,NA,19,NA
xync,NA,NA,NA,NA,NA,NA,6,11,16,23,NA,NA,63,NA
LASC008293,NA,NA,NA,NA,NA,NA,7,NA,NA,6,NA,NA,NA,NA
Spidroin3,NA,NA,NA,NA,NA,NA,8,NA,61,4,NA,NA,42,NA
qpct,NA,NA,NA,NA,NA,NA,9,NA,NA,32,NA,NA,31,NA
tnxb_7,NA,NA,NA,NA,NA,NA,10,NA,NA,1,NA,NA,9,NA
LASC009784,NA,NA,NA,NA,NA,NA,11,NA,27,14,NA,NA,NA,NA
Spidroin1,NA,NA,NA,NA,NA,NA,12,NA,NA,9,NA,NA,49,NA
abcc3,NA,NA,NA,NA,NA,NA,13,NA,NA,63,NA,NA,32,NA
LASC015905,NA,NA,NA,NA,NA,NA,14,NA,NA,NA,NA,NA,NA,NA
zan,NA,NA,NA,NA,NA,NA,15,NA,87,10,NA,NA,NA,NA
LASC010830,NA,NA,NA,NA,NA,33,16,NA,NA,65,NA,NA,NA,NA
LASC008294,NA,NA,NA,NA,NA,NA,17,NA,NA,29,NA,NA,NA,NA
LASC008296,NA,NA,NA,NA,NA,NA,18,NA,NA,NA,NA,NA,NA,NA
LASC007667,NA,NA,NA,NA,NA,NA,19,NA,NA,NA,NA,NA,NA,NA
boka,NA,NA,NA,NA,NA,NA,20,NA,NA,NA,NA,NA,NA,NA
lanb2_2,NA,NA,NA,NA,NA,NA,21,NA,NA,NA,NA,NA,NA,NA
tmem205,NA,NA,NA,NA,NA,NA,22,NA,NA,NA,NA,NA,NA,NA
LASC005683,NA,NA,NA,NA,NA,NA,23,NA,NA,NA,NA,NA,NA,NA
gal3st3,NA,NA,NA,NA,NA,NA,24,NA,NA,NA,NA,NA,NA,NA
adamts7_adamts20,NA,NA,NA,NA,NA,NA,25,NA,NA,NA,NA,NA,NA,NA
LASC011225,NA,NA,NA,NA,NA,NA,26,NA,NA,37,NA,NA,NA,NA
LASC016881,NA,NA,NA,NA,NA,NA,27,38,30,15,NA,NA,74,NA
gprk1,NA,NA,NA,NA,NA,NA,28,NA,NA,NA,NA,NA,NA,NA
mt-atp6,NA,NA,NA,NA,NA,NA,29,NA,NA,NA,NA,NA,NA,NA
cnga2,NA,NA,NA,NA,NA,NA,30,NA,NA,12,NA,NA,NA,NA
tg_3,NA,NA,NA,NA,NA,22,31,NA,NA,NA,NA,NA,NA,NA
sec62,NA,NA,NA,NA,NA,NA,32,NA,NA,NA,NA,NA,NA,NA
tbx20_3,NA,NA,NA,NA,NA,NA,34,NA,NA,NA,NA,NA,NA,NA
cpm_2,NA,NA,NA,NA,NA,NA,35,NA,NA,83,NA,NA,NA,NA
nipa2,NA,NA,NA,NA,NA,NA,36,NA,NA,NA,NA,NA,NA,NA
fyb1,NA,NA,NA,NA,NA,NA,37,NA,NA,NA,NA,NA,NA,NA
alas1_2,NA,NA,NA,NA,NA,NA,38,NA,NA,NA,NA,NA,70,NA
LASC015247,NA,NA,NA,NA,NA,NA,39,17,80,NA,NA,NA,NA,NA
LASC000534,NA,NA,NA,NA,NA,NA,40,NA,NA,NA,NA,NA,17,NA
ldlrap1-a,NA,NA,NA,NA,NA,NA,41,NA,NA,NA,NA,NA,NA,NA
adgrl3_2,NA,NA,NA,NA,NA,NA,42,NA,NA,NA,NA,NA,NA,NA
raph1,NA,NA,NA,NA,NA,NA,43,NA,NA,NA,NA,NA,NA,NA
mogat1_2,NA,NA,NA,NA,NA,NA,44,NA,NA,NA,NA,NA,NA,NA
tox3_tox4,NA,NA,NA,NA,NA,NA,45,NA,NA,NA,NA,NA,NA,NA
slc13a5,NA,NA,NA,NA,NA,NA,46,80,34,NA,NA,NA,43,NA
LASC000533,NA,NA,NA,NA,NA,NA,47,NA,NA,NA,NA,NA,NA,NA
fasn_13,NA,NA,NA,NA,NA,NA,48,NA,79,NA,NA,NA,78,NA
slc9a2,NA,NA,NA,NA,NA,NA,49,NA,NA,NA,NA,NA,NA,NA
rlbp1_11,NA,NA,NA,NA,NA,NA,50,NA,NA,NA,NA,NA,NA,NA
LASC003583,NA,NA,NA,NA,NA,NA,51,NA,NA,NA,NA,NA,NA,NA
ninj2_3,NA,NA,NA,NA,NA,NA,52,NA,NA,NA,NA,NA,NA,NA
dnajc1,NA,NA,NA,NA,NA,NA,53,NA,NA,NA,NA,NA,NA,NA
LASC008291,NA,NA,NA,NA,NA,NA,54,NA,NA,NA,NA,NA,NA,NA
tub2,NA,NA,NA,NA,NA,NA,55,NA,NA,NA,NA,NA,NA,NA
slc8a2,NA,NA,NA,NA,NA,NA,56,NA,NA,NA,NA,NA,NA,NA
fgfrl1_5,NA,NA,NA,NA,NA,NA,57,NA,NA,19,NA,NA,NA,NA
cnbp_2,NA,NA,NA,NA,NA,NA,58,NA,NA,NA,NA,NA,NA,NA
LASC016514,NA,NA,NA,NA,NA,NA,59,NA,NA,NA,NA,NA,NA,NA
LASC021117,25,NA,NA,NA,NA,NA,60,NA,NA,NA,NA,NA,NA,NA
flo2,NA,NA,NA,NA,NA,NA,61,NA,NA,NA,NA,NA,NA,NA
stan,NA,NA,NA,NA,NA,NA,62,NA,NA,NA,NA,NA,NA,NA
stk39,NA,NA,NA,NA,NA,NA,63,NA,NA,NA,NA,NA,NA,NA
tox2_tox3,NA,NA,NA,NA,NA,NA,64,NA,NA,NA,NA,NA,NA,NA
pogz,NA,NA,NA,NA,NA,NA,65,NA,NA,NA,NA,NA,NA,NA
lrmp_mrvi1,NA,NA,NA,NA,NA,NA,66,NA,NA,NA,NA,NA,NA,NA
slc16a10_2,NA,NA,NA,NA,NA,NA,67,NA,NA,NA,NA,NA,NA,NA
tpo_pxt,NA,NA,NA,NA,NA,NA,68,85,NA,72,NA,NA,39,NA
slc18b1_3,NA,NA,NA,NA,NA,NA,69,NA,NA,NA,NA,NA,NA,NA
exd2,NA,NA,NA,NA,NA,NA,70,NA,NA,NA,NA,NA,NA,NA
abca3_abca17_2,NA,NA,NA,NA,NA,NA,71,NA,NA,NA,NA,NA,NA,NA
LASC019383,NA,NA,NA,NA,NA,NA,72,NA,NA,NA,NA,NA,NA,NA
LASC021154,NA,NA,NA,NA,NA,NA,73,NA,NA,NA,NA,NA,NA,NA
LASC005177,NA,NA,NA,NA,NA,NA,74,NA,NA,70,NA,NA,NA,NA
mew_ina-1,NA,86,NA,NA,NA,NA,75,NA,NA,NA,NA,NA,NA,NA
cg32809,NA,NA,NA,NA,NA,NA,76,NA,NA,NA,NA,NA,NA,NA
galt-1_2,NA,NA,NA,NA,NA,NA,77,NA,NA,NA,NA,NA,NA,NA
mt:nd1,NA,NA,NA,NA,NA,NA,78,NA,NA,NA,NA,NA,NA,NA
smcr8b,NA,NA,NA,NA,NA,NA,79,NA,NA,NA,NA,NA,NA,NA
apkc,NA,NA,NA,NA,NA,NA,80,NA,NA,NA,NA,NA,NA,NA
LASC018818,NA,NA,NA,NA,NA,NA,81,NA,NA,NA,NA,NA,NA,NA
LASC000811,NA,NA,NA,NA,NA,NA,82,NA,NA,NA,NA,NA,NA,NA
tpst,NA,NA,NA,NA,NA,NA,83,97,94,NA,NA,NA,NA,NA
wls,86,NA,NA,NA,NA,NA,84,NA,NA,NA,NA,NA,NA,NA
LASC005077,NA,NA,37,NA,NA,NA,85,NA,NA,NA,NA,NA,NA,NA
slmo,NA,NA,NA,NA,NA,NA,87,NA,NA,NA,NA,NA,NA,NA
eys,NA,NA,NA,NA,NA,NA,88,NA,NA,NA,NA,NA,NA,NA
cfad,NA,NA,NA,NA,NA,NA,89,NA,NA,NA,NA,NA,NA,NA
smtn,NA,NA,NA,NA,NA,NA,90,NA,NA,NA,NA,NA,NA,NA
cd109,NA,NA,NA,NA,NA,NA,91,NA,86,NA,NA,NA,NA,NA
LASC003916,NA,NA,NA,NA,NA,NA,92,NA,NA,NA,NA,NA,51,NA
efnb1,NA,NA,NA,NA,NA,NA,93,NA,NA,NA,NA,NA,NA,NA
wdhd1,NA,NA,NA,NA,NA,NA,94,NA,NA,NA,NA,NA,NA,NA
LASC000396,NA,NA,NA,NA,NA,NA,95,NA,NA,NA,NA,NA,NA,NA
ldb2,NA,NA,NA,NA,NA,NA,96,NA,NA,NA,NA,NA,NA,NA
cndp2,NA,NA,NA,NA,NA,NA,97,NA,82,NA,NA,NA,NA,NA
mthfd2,NA,NA,NA,NA,NA,NA,98,NA,NA,NA,23,49,NA,NA
plekho1,NA,NA,NA,NA,NA,NA,99,NA,NA,NA,NA,NA,NA,NA
LASC013229,NA,NA,NA,NA,NA,NA,NA,1,13,NA,NA,NA,68,NA
spa,NA,NA,2,NA,NA,NA,NA,2,9,NA,NA,NA,95,NA
LASC010016,NA,NA,NA,NA,NA,NA,NA,3,1,NA,NA,NA,57,NA
LASC004595,NA,NA,NA,NA,NA,NA,NA,4,3,NA,NA,NA,85,NA
LASC012648,NA,NA,1,NA,NA,NA,NA,5,5,NA,NA,NA,NA,NA
LASC017532,NA,NA,NA,NA,NA,NA,NA,6,6,NA,NA,NA,NA,NA
LASC007993,NA,NA,NA,NA,NA,NA,NA,7,7,NA,NA,NA,97,NA
aael008004_2,NA,NA,NA,NA,NA,NA,NA,8,44,NA,NA,NA,36,NA
pnliprp1,NA,NA,NA,NA,NA,NA,NA,9,11,NA,NA,NA,80,NA
LASC009427,NA,NA,3,NA,NA,NA,NA,10,43,NA,NA,NA,NA,NA
LASC018595,NA,NA,NA,NA,NA,NA,NA,12,4,NA,NA,NA,NA,NA
LASC020242,NA,NA,NA,NA,NA,NA,NA,13,8,NA,NA,NA,NA,NA
LASC007099,NA,NA,NA,NA,NA,NA,NA,14,23,NA,NA,NA,NA,NA
LASC009428,NA,NA,NA,NA,NA,NA,NA,15,NA,NA,NA,NA,100,NA
LASC007995,NA,NA,NA,NA,NA,NA,NA,16,19,NA,NA,NA,45,NA
entpd1,NA,NA,NA,NA,NA,NA,NA,18,NA,NA,NA,NA,4,NA
sams-4_mat2a_mat1a,NA,NA,NA,NA,NA,NA,NA,19,NA,NA,NA,NA,NA,NA
jhamt_14,NA,NA,NA,NA,NA,NA,NA,20,47,NA,NA,NA,11,NA
agmo_3,NA,NA,NA,NA,NA,NA,NA,21,22,NA,NA,NA,NA,NA
pxd_pxt_2,NA,NA,NA,NA,NA,NA,NA,22,54,NA,NA,NA,66,NA
asna,NA,NA,NA,NA,NA,NA,NA,23,NA,NA,NA,NA,48,NA
elovl7_10,NA,NA,NA,NA,NA,NA,NA,24,32,NA,NA,NA,NA,NA
nrf-6_9,NA,NA,NA,NA,NA,NA,NA,25,18,NA,NA,NA,NA,NA
cyp4v2_15,NA,NA,NA,NA,NA,NA,NA,26,25,20,NA,NA,92,NA
npc2a_2,NA,NA,NA,NA,NA,NA,NA,27,NA,NA,NA,NA,NA,NA
cg5065,NA,NA,NA,NA,NA,NA,NA,28,65,NA,NA,NA,NA,NA
aael008004_elovl1,NA,NA,NA,NA,NA,NA,NA,29,15,NA,NA,NA,NA,NA
lrmda_vnn1,NA,NA,NA,NA,NA,NA,NA,30,91,NA,NA,NA,65,NA
elovl7_3,NA,NA,NA,NA,NA,NA,NA,31,33,NA,NA,NA,NA,NA
LASC017807,NA,NA,NA,NA,NA,NA,NA,32,62,NA,NA,NA,79,NA
LASC017219,NA,NA,9,NA,NA,NA,NA,33,31,NA,NA,NA,NA,NA
nrf-6_29,NA,NA,NA,NA,NA,NA,NA,34,45,NA,NA,NA,62,NA
jhamt_7,NA,NA,NA,NA,NA,NA,NA,35,29,NA,NA,NA,33,NA
far1_wat,NA,NA,NA,NA,NA,NA,NA,36,10,NA,NA,NA,NA,NA
elovl7_11,NA,NA,NA,NA,NA,NA,NA,37,48,NA,NA,NA,NA,NA
lysd,NA,NA,NA,NA,NA,NA,NA,39,99,NA,NA,NA,40,NA
tmem163,NA,NA,NA,NA,NA,NA,NA,40,55,NA,NA,NA,21,NA
fmo2_5,NA,NA,NA,NA,NA,NA,NA,41,59,NA,NA,NA,12,NA
spz3_2,NA,NA,NA,NA,NA,NA,NA,42,17,NA,NA,NA,84,NA
orct_22,NA,NA,NA,NA,NA,NA,NA,43,66,NA,NA,NA,90,NA
LASC005034,NA,NA,NA,NA,NA,NA,NA,44,12,NA,NA,NA,NA,NA
LASC007083,NA,NA,NA,NA,NA,NA,NA,45,40,NA,NA,NA,NA,NA
LASC010687,NA,NA,NA,NA,NA,NA,NA,46,42,NA,NA,NA,NA,NA
ttpal_clvs2_3,NA,NA,NA,NA,NA,NA,NA,47,20,NA,NA,NA,NA,NA
hsd17b2_3,NA,NA,NA,NA,NA,NA,NA,48,70,NA,NA,NA,NA,NA
LASC016424,NA,NA,NA,NA,NA,NA,NA,49,NA,NA,NA,NA,NA,NA
ephx1_2,NA,NA,NA,NA,NA,NA,NA,50,39,NA,NA,NA,NA,NA
cg5065_2,NA,NA,NA,NA,NA,NA,NA,51,NA,NA,NA,NA,27,NA
mttp_2,NA,NA,NA,NA,NA,NA,NA,52,50,NA,NA,NA,83,NA
pnliprp3_pnlip,NA,NA,NA,NA,NA,NA,NA,53,21,NA,NA,NA,87,NA
crip1,NA,NA,NA,NA,NA,NA,NA,54,56,NA,NA,NA,NA,NA
LASC017213,NA,NA,NA,NA,NA,NA,NA,55,2,NA,NA,NA,NA,NA
lrp2bp,NA,NA,NA,NA,NA,NA,NA,56,NA,NA,NA,NA,94,NA
hsd17b12,NA,NA,NA,NA,NA,NA,NA,57,78,NA,NA,NA,NA,NA
ywrd_5,NA,NA,55,NA,NA,NA,NA,58,75,NA,NA,NA,NA,NA
ucp2,NA,NA,NA,NA,NA,NA,NA,59,NA,NA,NA,NA,NA,NA
fasn_9,NA,NA,NA,NA,NA,NA,NA,60,NA,NA,NA,NA,NA,NA
hsd17b6_hsd17b2,NA,NA,NA,NA,NA,NA,NA,61,35,NA,NA,NA,NA,NA
fasn_8,NA,NA,NA,NA,NA,NA,NA,62,28,NA,NA,NA,91,NA
abcc1_7,NA,NA,NA,NA,NA,NA,NA,63,NA,NA,NA,NA,NA,NA
LASC012649,NA,NA,4,NA,NA,NA,NA,64,NA,NA,NA,NA,NA,NA
LASC002254,NA,NA,NA,NA,NA,NA,NA,65,38,NA,NA,NA,1,NA
me1,NA,NA,NA,NA,NA,NA,NA,66,53,NA,NA,NA,NA,NA
cyp3a21_cyp6a13_cyp3a11,NA,NA,NA,NA,NA,NA,NA,67,NA,NA,NA,NA,NA,NA
jhamt_13,NA,NA,NA,NA,NA,NA,NA,68,NA,NA,NA,NA,NA,NA
ttc39b_2,NA,NA,NA,NA,NA,NA,NA,69,64,NA,NA,NA,82,NA
aael008004,NA,NA,NA,NA,NA,NA,NA,70,46,NA,NA,NA,20,NA
dcd2b,NA,NA,NA,NA,NA,NA,NA,71,41,NA,NA,NA,29,NA
LASC013967,NA,NA,NA,NA,NA,NA,NA,72,36,NA,NA,NA,NA,NA
faxdc2_7,NA,NA,NA,NA,NA,NA,NA,73,NA,NA,NA,NA,53,NA
LASC022179,NA,NA,NA,NA,NA,NA,NA,74,14,NA,NA,NA,NA,NA
sult1c2_6,NA,NA,NA,NA,NA,NA,NA,75,72,85,NA,NA,58,NA
tmem68,NA,NA,NA,NA,NA,NA,NA,76,52,NA,NA,NA,34,NA
otx2-a,NA,NA,NA,NA,NA,NA,NA,77,76,NA,NA,NA,NA,NA
pank1,NA,NA,NA,NA,NA,NA,NA,78,NA,NA,NA,NA,NA,NA
srrm2,NA,NA,NA,NA,NA,NA,NA,79,NA,NA,NA,NA,41,NA
foxp1b,NA,NA,NA,NA,NA,NA,NA,81,67,NA,NA,NA,NA,NA
mgll,NA,NA,53,NA,NA,NA,NA,82,89,NA,NA,NA,NA,NA
sorbs1_2,NA,NA,NA,NA,NA,NA,NA,83,NA,NA,NA,NA,NA,NA
esr16,NA,NA,NA,NA,NA,NA,NA,84,NA,NA,NA,NA,NA,NA
spdl1-b,NA,NA,NA,NA,NA,NA,NA,86,NA,NA,NA,NA,NA,NA
elovl4,NA,NA,NA,NA,NA,NA,NA,87,NA,NA,NA,NA,NA,NA
nrf-6_27,NA,NA,NA,NA,NA,NA,NA,88,85,NA,NA,NA,NA,NA
slc6a9_2,NA,NA,NA,NA,NA,NA,NA,89,NA,NA,NA,NA,NA,NA
LASC003333,NA,NA,NA,NA,NA,NA,NA,90,84,NA,NA,NA,NA,NA
miga,NA,NA,NA,NA,NA,NA,NA,91,NA,NA,NA,NA,NA,NA
sec14l2_21,NA,NA,NA,NA,NA,NA,NA,92,NA,NA,NA,NA,NA,NA
LASC018461,NA,NA,NA,NA,NA,NA,NA,93,NA,NA,NA,NA,NA,NA
slit3_5,NA,NA,NA,NA,NA,NA,NA,94,NA,NA,NA,NA,NA,NA
picot_18,NA,NA,NA,NA,NA,NA,NA,95,49,NA,NA,NA,30,NA
ppwd1,NA,NA,NA,NA,NA,NA,NA,96,NA,NA,NA,NA,NA,NA
map3k9_2,NA,NA,NA,NA,NA,NA,NA,98,NA,NA,NA,NA,NA,NA
arl6ip1,NA,NA,NA,NA,NA,NA,NA,99,NA,NA,NA,NA,NA,NA
LASC018762,1,16,NA,NA,NA,NA,NA,NA,NA,NA,NA,NA,NA,33
LASC016362,2,1,NA,NA,NA,NA,NA,NA,NA,NA,NA,NA,NA,NA
LASC022033,3,8,NA,NA,NA,NA,NA,NA,NA,NA,NA,NA,NA,28
LASC018764,4,12,NA,NA,NA,NA,NA,NA,NA,NA,NA,NA,NA,NA
LASC001730,5,2,NA,NA,NA,NA,NA,NA,NA,NA,NA,NA,NA,NA
LASC019275,6,19,NA,NA,NA,NA,NA,NA,NA,NA,NA,NA,NA,NA
LASC004790,7,24,NA,NA,NA,NA,NA,NA,NA,NA,NA,NA,NA,68
LASC020962,8,20,NA,NA,NA,NA,NA,NA,NA,NA,NA,NA,NA,NA
obst-e_2,9,7,NA,NA,NA,NA,NA,NA,NA,NA,NA,NA,NA,NA
LASC012976,10,37,NA,NA,NA,NA,NA,NA,NA,NA,NA,NA,NA,NA
LASC018721,11,43,NA,NA,NA,NA,NA,NA,NA,25,NA,NA,NA,NA
slc35g1_3,12,NA,NA,NA,NA,NA,NA,NA,NA,NA,NA,NA,NA,61
calu,13,49,NA,NA,NA,NA,NA,NA,NA,NA,NA,NA,NA,NA
vha14,14,NA,NA,NA,NA,NA,NA,NA,NA,NA,NA,NA,NA,NA
LASC020524,15,30,NA,NA,NA,NA,NA,NA,NA,NA,NA,NA,NA,19
paox,16,45,NA,NA,NA,NA,NA,NA,NA,NA,NA,NA,NA,NA
zig-4,18,NA,61,NA,NA,NA,NA,NA,NA,NA,NA,NA,NA,NA
pld3,19,22,NA,NA,NA,NA,NA,NA,NA,NA,NA,NA,NA,8
ncam1,20,NA,NA,NA,NA,NA,NA,NA,NA,NA,NA,NA,NA,NA
LASC011172,22,NA,NA,NA,NA,NA,NA,NA,NA,NA,NA,NA,NA,NA
harbi1_11,23,NA,NA,NA,NA,NA,NA,NA,NA,NA,NA,NA,NA,NA
tnrc18_wge,24,NA,NA,NA,NA,NA,NA,NA,NA,NA,NA,NA,NA,NA
taf12,26,NA,NA,NA,NA,NA,NA,NA,NA,NA,NA,NA,NA,NA
gluria,27,NA,NA,NA,NA,NA,NA,NA,NA,NA,NA,NA,NA,NA
tmem205_2,28,NA,NA,NA,NA,NA,NA,NA,NA,NA,NA,NA,NA,NA
csmd1_4,30,NA,NA,NA,NA,NA,NA,NA,NA,NA,NA,NA,NA,NA
LASC015386,32,36,NA,NA,NA,NA,NA,NA,NA,NA,NA,NA,NA,NA
LASC019407,33,NA,NA,NA,NA,NA,NA,NA,NA,NA,NA,NA,NA,NA
gstz1_2,34,NA,NA,NA,NA,NA,NA,NA,NA,NA,NA,NA,NA,NA
tmem17b_2,35,NA,NA,NA,NA,NA,NA,NA,NA,NA,NA,NA,NA,NA
slc43a3_2,36,NA,NA,NA,NA,NA,NA,NA,NA,NA,NA,NA,NA,NA
btbd10,37,NA,NA,NA,NA,NA,NA,NA,NA,NA,NA,NA,NA,NA
casp3_casp7,38,NA,19,NA,NA,NA,NA,NA,NA,NA,NA,NA,NA,NA
cryaa,39,NA,NA,NA,NA,76,NA,NA,NA,NA,NA,NA,NA,NA
tulp3,40,NA,NA,NA,NA,NA,NA,NA,NA,NA,NA,NA,NA,NA
pxn,41,NA,NA,NA,NA,NA,NA,NA,NA,NA,NA,NA,NA,NA
tll1,42,76,NA,NA,NA,NA,NA,NA,NA,NA,NA,NA,NA,39
LASC003147,43,NA,NA,NA,NA,NA,NA,NA,NA,NA,NA,NA,NA,NA
slc16a12_slc16a4,44,NA,NA,NA,NA,NA,NA,NA,NA,NA,NA,NA,NA,NA
lrrn2,45,81,NA,NA,NA,88,NA,NA,NA,NA,NA,NA,NA,NA
dnajc13,46,NA,NA,NA,NA,NA,NA,NA,NA,NA,NA,NA,NA,NA
dop2r,47,NA,NA,NA,NA,NA,NA,NA,NA,NA,NA,NA,NA,NA
calub,48,NA,NA,NA,NA,NA,NA,NA,NA,NA,NA,NA,NA,NA
clcn2_clc-a,49,NA,NA,NA,NA,NA,NA,NA,NA,NA,NA,NA,NA,36
api5,50,NA,NA,NA,NA,NA,NA,NA,NA,NA,NA,NA,NA,NA
hcb,51,NA,NA,NA,NA,NA,NA,NA,NA,NA,NA,NA,NA,NA
fhdc1,53,NA,NA,NA,NA,NA,NA,NA,NA,NA,NA,NA,NA,NA
LASC011249,54,NA,NA,NA,NA,NA,NA,NA,NA,NA,NA,NA,NA,NA
unc-71_adam11,55,NA,NA,NA,NA,NA,NA,NA,NA,NA,NA,NA,NA,NA
pprc1,56,NA,NA,NA,NA,NA,NA,NA,NA,NA,NA,NA,NA,NA
larp4b,57,NA,NA,NA,NA,NA,NA,NA,NA,NA,NA,NA,NA,NA
znf569_3,58,NA,NA,NA,NA,NA,NA,NA,NA,NA,NA,NA,NA,NA
LASC019774,59,NA,NA,NA,NA,NA,NA,NA,NA,NA,NA,NA,NA,NA
nsd3_nsd2,60,NA,NA,NA,NA,NA,NA,NA,NA,NA,NA,NA,NA,NA
fkrp,61,NA,NA,NA,NA,NA,NA,NA,NA,NA,NA,NA,NA,NA
oatp74d_3,62,NA,NA,NA,NA,NA,NA,NA,NA,NA,NA,NA,NA,NA
jmjd7,63,NA,NA,NA,NA,NA,NA,NA,NA,NA,NA,NA,NA,NA
vha26,64,41,NA,NA,NA,NA,NA,NA,NA,NA,NA,NA,NA,NA
zc3h12b,65,NA,NA,NA,NA,NA,NA,NA,NA,NA,NA,NA,NA,NA
fp-1_2,66,NA,NA,NA,NA,NA,NA,NA,NA,NA,NA,NA,NA,NA
stx1b_unc-64_stx1a,68,NA,NA,NA,NA,NA,NA,NA,NA,NA,NA,NA,NA,NA
pigs,69,NA,NA,NA,NA,NA,NA,NA,NA,NA,NA,NA,NA,NA
cd109_6,70,NA,NA,NA,NA,NA,NA,NA,NA,NA,NA,NA,NA,NA
nup42,71,NA,NA,NA,NA,NA,NA,NA,NA,NA,NA,NA,NA,NA
ift88,73,NA,NA,NA,NA,NA,NA,NA,NA,NA,NA,NA,NA,NA
seld,76,NA,NA,NA,NA,NA,NA,NA,NA,NA,NA,NA,NA,NA
LASC019097,77,NA,NA,NA,NA,NA,NA,NA,NA,NA,NA,NA,NA,NA
msantd2_3,78,NA,NA,NA,NA,NA,NA,NA,NA,NA,NA,NA,NA,NA
slc9a3_2,79,NA,NA,NA,NA,NA,NA,NA,NA,NA,NA,NA,NA,NA
radx,80,NA,NA,NA,NA,NA,NA,NA,NA,NA,NA,NA,NA,NA
hif1a,81,NA,NA,NA,NA,NA,NA,NA,NA,NA,NA,NA,NA,NA
znf876p_znf397_znf577_znf2,83,NA,NA,NA,NA,NA,NA,NA,NA,NA,NA,NA,NA,NA
LASC003343,84,NA,NA,NA,NA,NA,NA,NA,NA,NA,NA,NA,NA,NA
LASC000094,85,NA,39,NA,NA,NA,NA,NA,NA,NA,NA,NA,NA,NA
arhgap20,87,NA,NA,NA,NA,NA,NA,NA,NA,NA,NA,NA,NA,NA
cad96ca,88,NA,NA,NA,NA,NA,NA,NA,NA,NA,NA,NA,NA,NA
LASC011075,89,42,NA,NA,NA,NA,NA,NA,NA,NA,NA,NA,NA,11
cnrip1_2,90,NA,NA,NA,NA,NA,NA,NA,NA,NA,NA,NA,NA,NA
LASC003909,91,52,NA,NA,NA,NA,NA,NA,NA,NA,NA,NA,NA,NA
ddb2,92,83,NA,NA,NA,NA,NA,NA,NA,NA,NA,NA,NA,NA
LASC009543,93,NA,NA,NA,NA,NA,NA,NA,NA,NA,NA,NA,NA,NA
tmem94,94,NA,NA,NA,NA,NA,NA,NA,NA,NA,NA,NA,NA,NA
klhl18,95,NA,NA,NA,NA,NA,NA,NA,NA,NA,NA,NA,NA,NA
cacnb2,96,NA,NA,NA,NA,NA,NA,NA,NA,NA,NA,NA,NA,NA
gluclalpha_2,97,NA,NA,NA,NA,NA,NA,NA,NA,NA,NA,NA,NA,NA
tim,98,NA,NA,NA,NA,NA,NA,NA,NA,NA,NA,NA,NA,NA
znf84_znf271_znf160,99,NA,NA,NA,NA,NA,NA,NA,NA,NA,NA,NA,NA,NA
hpgd_14,NA,3,NA,NA,NA,NA,NA,NA,NA,NA,NA,NA,NA,NA
LASC001733,NA,4,NA,NA,NA,NA,NA,NA,NA,NA,NA,NA,NA,NA
lysoz,NA,5,NA,NA,NA,NA,NA,NA,NA,NA,NA,NA,NA,NA
LASC002879,NA,6,NA,NA,NA,NA,NA,NA,NA,NA,NA,NA,NA,NA
LASC020961,NA,9,NA,NA,NA,NA,NA,NA,NA,NA,NA,NA,NA,NA
b3galt5_2,NA,10,NA,NA,NA,NA,NA,NA,NA,NA,NA,NA,NA,79
LASC004484,NA,11,NA,NA,NA,NA,NA,NA,NA,NA,NA,NA,NA,NA
LASC001619,NA,13,NA,NA,NA,NA,NA,NA,NA,NA,NA,NA,NA,NA
LASC018776,NA,14,NA,NA,NA,NA,NA,NA,NA,NA,NA,NA,NA,NA
LASC001731,NA,15,NA,NA,NA,NA,NA,NA,NA,NA,NA,NA,NA,NA
Spice_15,NA,17,NA,NA,NA,NA,NA,NA,NA,NA,NA,NA,NA,NA
LASC019092,NA,18,NA,NA,NA,NA,NA,NA,NA,NA,NA,NA,NA,NA
LASC001732,NA,21,NA,NA,NA,NA,NA,NA,NA,NA,NA,NA,NA,15
LASC005739,NA,23,NA,NA,NA,NA,NA,NA,NA,NA,NA,NA,NA,NA
ifi30_2,NA,25,NA,NA,NA,NA,NA,NA,NA,NA,NA,NA,NA,NA
CaAn_20,NA,26,NA,NA,NA,NA,NA,NA,NA,NA,NA,NA,NA,NA
acp2_6,NA,27,NA,NA,NA,NA,NA,NA,NA,NA,NA,NA,NA,NA
LASC006408,NA,28,NA,NA,NA,NA,NA,NA,NA,NA,NA,NA,NA,NA
rpl10,NA,29,NA,NA,NA,NA,NA,NA,60,NA,NA,NA,NA,75
LASC013597,NA,31,NA,NA,NA,NA,NA,NA,NA,NA,NA,NA,NA,46
LASC005973,NA,33,NA,NA,NA,NA,NA,NA,NA,NA,NA,NA,NA,NA
maob_3,NA,34,NA,NA,NA,NA,NA,NA,NA,NA,NA,NA,NA,NA
slc17a5_14,NA,35,NA,NA,NA,NA,NA,NA,NA,NA,NA,NA,NA,1
hk2,NA,38,NA,NA,NA,NA,NA,NA,NA,NA,NA,NA,NA,NA
LASC011683,NA,39,NA,NA,NA,NA,NA,NA,NA,NA,NA,NA,NA,NA
LASC001129,NA,40,NA,NA,NA,NA,NA,NA,NA,NA,NA,NA,NA,NA
mcfd2_4,NA,44,NA,NA,NA,NA,NA,NA,NA,NA,NA,NA,NA,NA
anks1b,NA,47,NA,NA,NA,NA,NA,NA,NA,NA,NA,NA,NA,NA
pip,NA,48,NA,NA,NA,NA,NA,NA,NA,NA,NA,NA,NA,NA
lar,NA,50,NA,NA,NA,NA,NA,NA,NA,NA,NA,NA,NA,NA
LASC021266,NA,51,NA,NA,NA,NA,NA,NA,NA,NA,NA,NA,NA,NA
LASC005081,NA,53,NA,NA,NA,NA,NA,NA,NA,NA,NA,NA,NA,NA
mfsd6_3,NA,54,NA,NA,NA,NA,NA,NA,NA,NA,NA,NA,NA,NA
cenpc,NA,55,NA,NA,NA,NA,NA,NA,NA,NA,NA,NA,NA,NA
rab5,NA,56,NA,NA,NA,NA,NA,NA,NA,NA,NA,NA,NA,42
mmp17_2,NA,57,NA,NA,NA,NA,NA,NA,NA,NA,NA,NA,NA,NA
gramd1c_gramd1a,NA,58,NA,NA,NA,NA,NA,NA,NA,NA,NA,NA,NA,NA
agap008842_aael003512,NA,59,NA,NA,NA,NA,NA,NA,NA,NA,NA,NA,NA,13
inx2_6,NA,60,57,NA,NA,58,NA,NA,NA,NA,NA,NA,NA,NA
dab_2,NA,61,NA,NA,NA,NA,NA,NA,NA,NA,NA,NA,NA,NA
LASC004485,NA,62,NA,NA,NA,NA,NA,NA,NA,NA,NA,NA,NA,NA
oxr1_2,NA,63,NA,NA,NA,NA,NA,NA,NA,NA,NA,NA,NA,5
LASC013844,NA,64,NA,NA,NA,NA,NA,NA,NA,NA,NA,NA,NA,NA
stn1,NA,66,NA,NA,NA,NA,NA,NA,NA,NA,NA,NA,NA,NA
ptk7,NA,67,NA,NA,NA,NA,NA,NA,NA,NA,NA,NA,NA,NA
pax2-a,NA,68,NA,NA,NA,NA,NA,NA,NA,NA,NA,NA,NA,NA
LASC022857,NA,69,NA,NA,NA,NA,NA,NA,NA,NA,NA,NA,NA,NA
arhgap32,NA,70,NA,NA,NA,NA,NA,NA,NA,NA,NA,NA,NA,NA
mcc,NA,71,NA,NA,NA,NA,NA,NA,NA,NA,NA,NA,NA,NA
nek8,NA,72,NA,NA,NA,NA,NA,NA,NA,NA,NA,NA,NA,NA
ddx43,NA,73,NA,NA,NA,NA,NA,NA,NA,NA,NA,NA,NA,NA
gk5,NA,74,NA,NA,NA,NA,NA,NA,NA,NA,NA,NA,NA,NA
LASC005145,NA,75,NA,NA,NA,NA,NA,NA,NA,NA,NA,NA,3,NA
sog,NA,77,NA,NA,NA,NA,NA,NA,NA,NA,NA,NA,NA,NA
csmd3_2,NA,78,NA,NA,NA,NA,NA,NA,NA,NA,NA,NA,NA,NA
pde6,NA,79,NA,NA,NA,NA,NA,NA,NA,NA,NA,NA,NA,NA
tl,NA,80,48,NA,NA,NA,NA,NA,NA,NA,NA,NA,NA,NA
atpalpha_4,NA,82,NA,NA,NA,NA,NA,NA,NA,NA,NA,NA,NA,NA
mecr_2,NA,84,NA,NA,NA,NA,NA,NA,NA,NA,NA,NA,NA,NA
pkc53e,NA,87,NA,NA,NA,NA,NA,NA,NA,NA,NA,NA,NA,NA
pka-c1,NA,88,NA,NA,NA,NA,NA,NA,NA,NA,NA,NA,NA,NA
LASC015682,NA,89,NA,NA,NA,NA,NA,NA,NA,NA,NA,NA,NA,NA
LASC002746,NA,90,NA,NA,NA,NA,NA,NA,NA,NA,NA,NA,NA,NA
ttpal_30,NA,91,NA,NA,NA,NA,NA,NA,NA,NA,NA,NA,NA,NA
sfrp5,NA,92,NA,NA,NA,NA,NA,NA,NA,NA,NA,NA,NA,NA
alkbh3_2,NA,93,NA,NA,NA,NA,NA,NA,NA,NA,NA,NA,NA,NA
yjbq,NA,94,NA,NA,NA,NA,NA,NA,NA,NA,NA,NA,NA,NA
tfe3,NA,95,NA,NA,NA,NA,NA,NA,NA,NA,NA,NA,NA,NA
LASC019920,NA,96,NA,NA,NA,NA,NA,NA,NA,NA,NA,NA,NA,NA
cav1_3,NA,97,NA,NA,NA,NA,NA,NA,NA,NA,NA,NA,NA,NA
cdk6_2,NA,98,NA,NA,NA,NA,NA,NA,NA,NA,NA,NA,NA,NA
capsl_2,NA,99,NA,NA,NA,NA,NA,NA,NA,NA,NA,NA,NA,NA
clip-190,NA,NA,5,NA,NA,NA,NA,NA,NA,NA,NA,NA,NA,NA
cyp2j2_4,NA,NA,6,NA,NA,NA,NA,NA,NA,NA,NA,NA,NA,NA
LASC007488,NA,NA,7,NA,NA,NA,NA,NA,NA,NA,NA,NA,NA,NA
LASC017602,NA,NA,8,NA,NA,NA,NA,NA,NA,NA,NA,NA,NA,NA
shal,NA,NA,10,NA,NA,NA,NA,NA,NA,NA,NA,NA,NA,NA
fasn_5,NA,NA,11,NA,NA,NA,NA,NA,NA,NA,NA,NA,NA,NA
tdpoz3_2,NA,NA,12,NA,NA,NA,NA,NA,NA,NA,NA,NA,NA,NA
ghra,NA,NA,13,NA,NA,NA,NA,NA,NA,NA,NA,NA,NA,NA
cd74,NA,NA,14,NA,NA,NA,NA,NA,NA,NA,NA,NA,NA,NA
espn,NA,NA,15,NA,NA,NA,NA,NA,83,NA,NA,NA,NA,NA
khc,NA,NA,16,NA,NA,NA,NA,NA,NA,NA,NA,NA,NA,NA
LASC019929,NA,NA,17,NA,NA,NA,NA,NA,NA,NA,NA,NA,NA,NA
LASC011517,NA,NA,18,NA,NA,NA,NA,NA,NA,NA,NA,NA,NA,NA
dyrk2_2,NA,NA,20,NA,NA,NA,NA,NA,NA,NA,NA,NA,NA,NA
ubfd1,NA,NA,21,NA,NA,NA,NA,NA,NA,NA,NA,NA,NA,NA
casp3_2,NA,NA,22,NA,NA,NA,NA,NA,NA,NA,NA,NA,NA,NA
slc9c1_2,NA,NA,23,NA,NA,NA,NA,NA,NA,NA,NA,NA,NA,NA
adgrg6_2,NA,NA,24,NA,NA,NA,NA,NA,NA,NA,NA,NA,NA,NA
pgant9_4,NA,NA,25,NA,NA,NA,NA,NA,NA,NA,NA,NA,NA,NA
ppaf2_3,NA,NA,26,NA,NA,NA,NA,NA,NA,NA,NA,NA,NA,NA
rap2c,NA,NA,27,NA,NA,NA,NA,NA,NA,NA,NA,NA,NA,NA
corin,NA,NA,28,NA,NA,NA,NA,NA,NA,NA,NA,NA,NA,NA
LASC009204,NA,NA,29,NA,NA,NA,NA,NA,NA,NA,NA,NA,NA,NA
LASC012963,NA,NA,30,NA,NA,NA,NA,NA,NA,NA,NA,NA,55,NA
gse1_2,NA,NA,31,NA,NA,NA,NA,NA,NA,NA,NA,NA,NA,NA
LASC013615,NA,NA,32,NA,NA,NA,NA,NA,NA,NA,NA,NA,NA,NA
snx13_2,NA,NA,33,NA,NA,NA,NA,NA,NA,NA,NA,NA,NA,NA
nep1,NA,NA,34,NA,NA,NA,NA,NA,NA,NA,NA,NA,NA,NA
ddr2_3,NA,NA,35,NA,NA,NA,NA,NA,NA,NA,NA,NA,NA,NA
ears2_gltx,NA,NA,36,NA,NA,NA,NA,NA,NA,NA,NA,NA,NA,NA
trim2,NA,NA,38,NA,NA,NA,NA,NA,NA,NA,NA,NA,NA,NA
gaa_6,NA,NA,40,NA,NA,NA,NA,NA,NA,NA,NA,NA,NA,NA
dcaf5,NA,NA,41,NA,NA,NA,NA,NA,NA,NA,NA,NA,NA,NA
htra4,NA,NA,42,NA,NA,NA,NA,NA,NA,NA,NA,NA,NA,NA
LASC000734,NA,NA,43,NA,NA,NA,NA,NA,NA,NA,NA,NA,NA,NA
sema-1a,NA,NA,44,NA,NA,NA,NA,NA,NA,NA,NA,NA,NA,NA
tfpi_2,NA,NA,45,NA,NA,NA,NA,NA,NA,NA,NA,NA,NA,NA
rdr1_7,NA,NA,46,NA,NA,NA,NA,NA,NA,NA,NA,NA,NA,NA
fastkd5,NA,NA,47,NA,NA,NA,NA,NA,NA,NA,NA,NA,NA,NA
spop_20,NA,NA,49,NA,NA,NA,NA,NA,NA,NA,NA,NA,NA,NA
lgals4_3,NA,NA,50,NA,NA,NA,NA,NA,NA,NA,NA,NA,NA,NA
serpinb1_2,NA,NA,51,NA,NA,NA,NA,NA,NA,NA,NA,NA,NA,NA
LASC015866,NA,NA,52,NA,NA,NA,NA,NA,NA,NA,NA,NA,NA,NA
herc2,NA,NA,54,NA,NA,NA,NA,NA,NA,NA,NA,NA,NA,NA
btbd2,NA,NA,56,NA,NA,NA,NA,NA,NA,NA,NA,NA,NA,NA
LASC004476,NA,NA,58,NA,NA,NA,NA,NA,NA,NA,NA,NA,NA,NA
cyp3a11_2,NA,NA,59,NA,NA,NA,NA,NA,NA,NA,NA,NA,NA,NA
pll,NA,NA,60,NA,NA,NA,NA,NA,NA,NA,NA,NA,NA,NA
bmpr1b,NA,NA,62,NA,NA,NA,NA,NA,NA,NA,NA,NA,NA,NA
LASC021881,NA,NA,63,NA,NA,NA,NA,NA,NA,NA,NA,NA,NA,NA
LASC005098,NA,NA,64,NA,NA,NA,NA,NA,NA,NA,NA,NA,NA,NA
gol,NA,NA,65,NA,NA,NA,NA,NA,NA,NA,NA,NA,NA,NA
naat1_2,NA,NA,66,NA,NA,NA,NA,NA,NA,NA,NA,NA,NA,NA
LASC006534,NA,NA,67,NA,NA,NA,NA,NA,NA,NA,NA,NA,NA,NA
LASC013234,NA,NA,68,NA,NA,NA,NA,NA,NA,NA,NA,NA,NA,NA
eip63f-1_2,NA,NA,69,NA,NA,NA,NA,NA,NA,NA,NA,NA,NA,NA
polr1b_rpi135,NA,NA,70,NA,NA,NA,NA,NA,NA,NA,NA,NA,NA,NA
tp53_2,NA,NA,71,NA,NA,NA,NA,NA,NA,NA,NA,NA,NA,NA
ago3_ago4,NA,NA,72,NA,NA,NA,NA,NA,NA,NA,NA,NA,NA,NA
zag-1,NA,NA,73,NA,NA,NA,NA,NA,NA,NA,NA,NA,NA,NA
ets1-a,NA,NA,74,NA,NA,NA,NA,NA,NA,NA,NA,NA,NA,NA
LASC006680,NA,NA,75,NA,NA,NA,NA,NA,NA,NA,NA,NA,NA,NA
sult1c2_5,NA,NA,76,NA,NA,NA,NA,NA,NA,NA,NA,NA,NA,NA
LASC018752,NA,NA,77,NA,NA,NA,NA,NA,NA,NA,NA,NA,NA,NA
tinc,NA,NA,78,NA,NA,NA,NA,NA,NA,NA,NA,NA,NA,NA
rcbtb1,NA,NA,79,NA,NA,NA,NA,NA,NA,NA,NA,NA,NA,NA
LASC002561,NA,NA,80,NA,NA,NA,NA,NA,NA,NA,NA,NA,NA,NA
LASC000855,NA,NA,81,NA,NA,NA,NA,NA,NA,NA,NA,NA,NA,NA
LASC012179,NA,NA,82,NA,NA,NA,NA,NA,NA,NA,NA,NA,NA,NA
hmbs,NA,NA,83,NA,NA,NA,NA,NA,NA,NA,NA,NA,NA,NA
CaAn_1,NA,NA,84,NA,NA,NA,NA,NA,NA,NA,NA,NA,NA,NA
bp10_3,NA,NA,85,NA,NA,NA,NA,NA,NA,NA,NA,NA,NA,NA
mrpl4,NA,NA,86,NA,NA,NA,NA,NA,NA,NA,NA,NA,NA,NA
rbm17,NA,NA,87,NA,NA,NA,NA,NA,NA,NA,NA,NA,NA,NA
gins3,NA,NA,88,NA,NA,NA,NA,NA,NA,NA,NA,NA,NA,NA
LASC020745,NA,NA,89,NA,NA,NA,NA,NA,NA,NA,NA,NA,NA,NA
LASC005848,NA,NA,90,NA,NA,NA,NA,NA,NA,NA,NA,NA,NA,NA
supt20h,NA,NA,91,NA,NA,NA,NA,NA,NA,NA,NA,NA,NA,NA
LASC022711,NA,NA,92,NA,NA,NA,NA,NA,NA,NA,NA,NA,NA,NA
LASC005775,NA,NA,93,NA,NA,NA,NA,NA,NA,NA,NA,NA,NA,NA
agpat1,NA,NA,94,NA,NA,NA,NA,NA,NA,NA,NA,NA,NA,NA
rm62_ddx17,NA,NA,95,NA,NA,NA,NA,NA,NA,NA,NA,NA,NA,NA
orct_15,NA,NA,96,NA,NA,NA,NA,NA,NA,NA,NA,NA,NA,NA
LASC013805,NA,NA,97,NA,NA,NA,NA,NA,NA,NA,NA,NA,NA,NA
cit,NA,NA,98,NA,NA,NA,NA,NA,NA,NA,NA,NA,NA,NA
znf235_2,NA,NA,99,NA,NA,NA,NA,NA,NA,NA,NA,NA,NA,NA
LASC005801,NA,NA,NA,NA,NA,1,NA,NA,NA,NA,NA,NA,NA,NA
LASC011995,NA,NA,NA,NA,NA,2,NA,NA,NA,NA,8,32,NA,NA
rps27l_rps27,NA,NA,NA,NA,NA,4,NA,NA,NA,NA,NA,NA,NA,NA
serp2,NA,NA,NA,NA,NA,5,NA,NA,NA,NA,NA,NA,NA,NA
LASC009843,NA,NA,NA,NA,NA,6,NA,NA,NA,NA,12,NA,NA,NA
LASC015194,NA,NA,NA,NA,NA,7,NA,NA,NA,NA,NA,NA,NA,NA
serf2,NA,NA,NA,NA,NA,9,NA,NA,NA,NA,NA,NA,NA,NA
rpl40,NA,NA,NA,NA,NA,10,NA,NA,NA,NA,NA,NA,NA,NA
Spice_8,NA,NA,NA,NA,NA,11,NA,NA,NA,NA,NA,NA,NA,NA
sec61g,NA,NA,NA,NA,NA,14,NA,NA,NA,NA,NA,20,NA,NA
ssr3,NA,NA,NA,NA,NA,15,NA,NA,NA,NA,NA,NA,NA,NA
LASC014969,NA,NA,NA,NA,NA,19,NA,NA,NA,NA,26,39,NA,NA
atpsynf,NA,NA,NA,NA,NA,21,NA,NA,NA,NA,NA,NA,NA,NA
cyp1,NA,NA,NA,NA,NA,23,NA,NA,NA,NA,NA,NA,NA,NA
LASC015442,NA,NA,NA,NA,NA,25,NA,NA,NA,NA,27,NA,NA,NA
fbxo21_2,NA,NA,NA,NA,NA,26,NA,NA,NA,NA,NA,NA,NA,NA
rps11,NA,NA,NA,NA,NA,27,NA,NA,NA,NA,NA,NA,NA,NA
LASC000319,NA,NA,NA,NA,NA,28,NA,NA,NA,NA,NA,NA,NA,NA
LASC013613,NA,NA,NA,NA,NA,29,NA,NA,NA,NA,NA,NA,NA,NA
abhd14a,NA,NA,NA,NA,NA,30,NA,NA,NA,NA,28,28,NA,NA
rps28,NA,NA,NA,NA,NA,31,NA,NA,NA,NA,NA,NA,NA,NA
LASC007034,NA,NA,NA,NA,NA,32,NA,NA,NA,NA,NA,NA,NA,NA
tth-1,NA,NA,NA,NA,NA,34,NA,NA,NA,NA,NA,NA,NA,NA
rpl27a,NA,NA,NA,NA,NA,35,NA,NA,NA,NA,NA,NA,NA,NA
ctsb_2,NA,NA,NA,NA,NA,37,NA,NA,NA,34,NA,NA,NA,NA
LASC000784,NA,NA,NA,NA,NA,39,NA,NA,NA,NA,NA,NA,NA,NA
rpl8,NA,NA,NA,NA,NA,40,NA,NA,NA,NA,NA,NA,NA,NA
LASC011991,NA,NA,NA,NA,NA,41,NA,NA,NA,NA,NA,NA,NA,NA
snx12,NA,NA,NA,NA,NA,44,NA,NA,NA,NA,NA,NA,NA,NA
atp5md_2,NA,NA,NA,NA,NA,46,NA,NA,NA,NA,NA,NA,NA,NA
LASC015735,NA,NA,NA,NA,NA,47,NA,NA,NA,NA,22,NA,NA,NA
brk1-b,NA,NA,NA,NA,NA,48,NA,NA,NA,NA,NA,NA,NA,NA
larp6,NA,NA,NA,NA,NA,49,NA,NA,NA,NA,NA,NA,NA,NA
LASC007283,NA,NA,NA,NA,NA,50,NA,NA,NA,NA,NA,NA,NA,NA
dhrs11_8,NA,NA,NA,NA,NA,51,NA,NA,NA,NA,NA,21,NA,NA
LASC005174,NA,NA,NA,NA,NA,54,NA,NA,NA,NA,NA,NA,NA,NA
slv,NA,NA,NA,NA,NA,55,NA,NA,NA,NA,NA,NA,NA,NA
LASC003636,NA,NA,NA,NA,NA,56,NA,NA,NA,NA,NA,NA,NA,NA
sycp3,NA,NA,NA,NA,NA,57,NA,NA,NA,NA,NA,NA,NA,NA
LASC005157,NA,NA,NA,NA,NA,59,NA,NA,NA,NA,NA,NA,NA,NA
etfrf1,NA,NA,NA,NA,NA,60,NA,NA,NA,NA,NA,NA,NA,NA
coq9,NA,NA,NA,NA,NA,61,NA,NA,NA,NA,NA,NA,NA,NA
LASC013093,NA,NA,NA,NA,NA,63,NA,NA,NA,NA,NA,NA,NA,NA
ptpn4,NA,NA,NA,NA,NA,64,NA,NA,NA,NA,NA,NA,NA,NA
LASC009135,NA,NA,NA,NA,NA,65,NA,NA,NA,NA,NA,NA,NA,NA
slc35f6,NA,NA,NA,NA,NA,66,NA,NA,NA,NA,NA,NA,NA,NA
adcy8,NA,NA,NA,NA,NA,70,NA,NA,NA,NA,NA,NA,NA,NA
creld2,NA,NA,NA,NA,NA,71,NA,NA,NA,NA,NA,NA,NA,NA
naxd,NA,NA,NA,NA,NA,72,NA,NA,NA,NA,NA,NA,NA,NA
lrp2_lrp4,NA,NA,NA,NA,NA,73,NA,NA,NA,NA,NA,NA,NA,NA
LASC020467,NA,NA,NA,NA,NA,74,NA,NA,NA,NA,NA,NA,NA,NA
LASC018328,NA,NA,NA,NA,NA,75,NA,NA,NA,NA,NA,NA,NA,NA
LASC019216,NA,NA,NA,NA,NA,77,NA,NA,NA,NA,NA,NA,NA,NA
LASC004742,NA,NA,NA,NA,NA,78,NA,NA,NA,NA,NA,NA,NA,NA
cyb561,NA,NA,NA,NA,NA,79,NA,NA,NA,NA,NA,NA,NA,NA
galt-1,NA,NA,NA,NA,NA,81,NA,NA,NA,NA,NA,NA,NA,NA
LASC000262,NA,NA,NA,NA,NA,82,NA,NA,NA,NA,NA,NA,NA,NA
thap3_thap1,NA,NA,NA,NA,NA,83,NA,NA,NA,NA,NA,NA,NA,NA
LASC017623,NA,NA,NA,NA,NA,84,NA,NA,NA,NA,NA,NA,NA,NA
moxd1,NA,NA,NA,NA,NA,85,NA,NA,NA,NA,NA,NA,NA,NA
pgp_2,NA,NA,NA,NA,NA,86,NA,NA,NA,NA,NA,NA,NA,NA
gulp1,NA,NA,NA,NA,NA,87,NA,NA,NA,NA,NA,NA,NA,NA
cg8399,NA,NA,NA,NA,NA,89,NA,NA,NA,NA,NA,NA,NA,NA
ndc1,NA,NA,NA,NA,NA,90,NA,NA,NA,NA,NA,NA,NA,NA
LASC002562,NA,NA,NA,NA,NA,91,NA,NA,NA,NA,NA,NA,NA,NA
LASC013964,NA,NA,NA,NA,NA,92,NA,NA,NA,NA,NA,NA,NA,NA
pus7,NA,NA,NA,NA,NA,93,NA,NA,NA,NA,NA,NA,NA,NA
LASC019127,NA,NA,NA,NA,NA,94,NA,NA,NA,NA,NA,NA,NA,NA
arl6ip5,NA,NA,NA,NA,NA,95,NA,NA,NA,NA,NA,NA,NA,NA
glmn,NA,NA,NA,NA,NA,96,NA,NA,NA,NA,NA,NA,NA,NA
fam107b,NA,NA,NA,NA,NA,97,NA,NA,NA,NA,NA,NA,NA,NA
tdpoz4_15,NA,NA,NA,NA,NA,99,NA,NA,NA,NA,NA,NA,NA,NA
alpl_8,NA,NA,NA,NA,NA,NA,NA,NA,37,NA,NA,NA,NA,NA
kcp_2,NA,NA,NA,NA,NA,NA,NA,NA,51,NA,NA,NA,NA,NA
acsl5_2,NA,NA,NA,NA,NA,NA,NA,NA,57,NA,NA,NA,76,NA
scd5_4,NA,NA,NA,NA,NA,NA,NA,NA,58,NA,NA,NA,60,NA
faah2_7,NA,NA,NA,NA,NA,NA,NA,NA,63,NA,NA,NA,NA,NA
scd5_3,NA,NA,NA,NA,NA,NA,NA,NA,68,NA,NA,NA,NA,NA
cpib,NA,NA,NA,NA,NA,NA,NA,NA,69,NA,NA,NA,NA,NA
jafrac1,NA,NA,NA,NA,NA,NA,NA,NA,71,NA,NA,NA,NA,NA
LASC010012,NA,NA,NA,NA,NA,NA,NA,NA,NA,7,NA,NA,NA,NA
rdh7_hsd17b2,NA,NA,NA,NA,NA,NA,NA,NA,73,NA,NA,NA,72,NA
slc16a9_7,NA,NA,NA,NA,NA,NA,NA,NA,74,NA,NA,NA,NA,NA
b4gat1_2,NA,NA,NA,NA,NA,NA,NA,NA,77,NA,NA,NA,NA,NA
LASC002536,NA,NA,NA,NA,NA,NA,NA,NA,81,NA,NA,NA,NA,NA
calr_crt,NA,NA,NA,NA,NA,NA,NA,NA,88,NA,NA,NA,NA,NA
paqr5,NA,NA,NA,NA,NA,NA,NA,NA,90,NA,NA,NA,NA,NA
cht10_chi3l2,NA,NA,NA,NA,NA,NA,NA,NA,92,NA,NA,NA,23,NA
rimbp2_2,NA,NA,NA,NA,NA,NA,NA,NA,93,NA,NA,NA,NA,NA
LASC007994,NA,NA,NA,NA,NA,NA,NA,NA,95,NA,NA,NA,NA,NA
cg3556,NA,NA,NA,NA,NA,NA,NA,NA,NA,13,NA,NA,NA,NA
cpt1a,NA,NA,NA,NA,NA,NA,NA,NA,96,NA,NA,NA,NA,NA
tm_fabg,NA,NA,NA,NA,NA,NA,NA,NA,97,NA,NA,NA,NA,NA
aael006169,NA,NA,NA,NA,NA,NA,NA,NA,98,NA,NA,NA,NA,NA
cg31145_4,NA,NA,NA,NA,NA,NA,NA,NA,NA,16,NA,NA,NA,NA
LASC008811,NA,NA,NA,NA,NA,NA,NA,NA,NA,17,NA,NA,NA,NA
btd,NA,NA,NA,NA,NA,NA,NA,NA,NA,18,NA,NA,NA,NA
ivns1abp,NA,NA,NA,NA,NA,NA,NA,NA,NA,NA,13,NA,NA,NA
slc1a2_2,NA,NA,NA,NA,NA,NA,NA,NA,NA,NA,15,NA,NA,NA
LASC012306,NA,NA,NA,NA,NA,NA,NA,NA,NA,21,NA,NA,NA,NA
LASC011824,NA,NA,NA,NA,NA,NA,NA,NA,NA,22,NA,NA,NA,NA
LASC019923,NA,NA,NA,NA,NA,NA,NA,NA,NA,NA,19,42,NA,NA
tspan11_4,NA,NA,NA,NA,NA,NA,NA,NA,NA,NA,21,NA,NA,NA
slc5a8_cg32669_4,NA,NA,NA,NA,NA,NA,NA,NA,NA,NA,24,NA,NA,NA
LASC020895,NA,NA,NA,NA,NA,NA,NA,NA,NA,24,NA,NA,NA,NA
LASC008663,NA,NA,NA,NA,NA,NA,NA,NA,NA,26,NA,NA,NA,NA
acpp,NA,NA,NA,NA,NA,NA,NA,NA,NA,27,NA,NA,NA,NA
LASC007798,NA,NA,NA,NA,NA,NA,NA,NA,NA,28,NA,NA,NA,NA
AgSp2b,NA,NA,NA,NA,NA,NA,NA,NA,NA,30,NA,NA,NA,NA
acan_2,NA,NA,NA,NA,NA,NA,NA,NA,NA,31,NA,NA,NA,NA
LASC013802,NA,NA,NA,NA,NA,NA,NA,NA,NA,33,NA,NA,NA,NA
jhamt_9,NA,NA,NA,NA,NA,NA,NA,NA,NA,35,NA,NA,NA,NA
AgSp1,NA,NA,NA,NA,NA,NA,NA,NA,NA,36,NA,NA,NA,NA
LASC007790,NA,NA,NA,NA,NA,NA,NA,NA,NA,38,NA,NA,NA,NA
pf14_infb_ppe21,NA,NA,NA,NA,NA,NA,NA,NA,NA,39,NA,NA,NA,NA
acsl1_2,NA,NA,NA,NA,NA,NA,NA,NA,NA,40,NA,NA,NA,NA
aldh1a2_2,NA,NA,NA,NA,NA,NA,NA,NA,NA,41,NA,NA,NA,NA
cyp3a5_cyp3a21_cyp3a11,NA,NA,NA,NA,NA,NA,NA,NA,NA,42,NA,NA,NA,NA
LASC018800,NA,NA,NA,NA,NA,NA,NA,NA,NA,43,NA,NA,NA,NA
LASC001437,NA,NA,NA,NA,NA,NA,NA,NA,NA,44,NA,NA,NA,NA
peamt,NA,NA,NA,NA,NA,NA,NA,NA,NA,45,NA,NA,NA,NA
svop_3,NA,NA,NA,NA,NA,NA,NA,NA,NA,46,NA,NA,NA,NA
a2m_a2ml1,NA,NA,NA,NA,NA,NA,NA,NA,NA,47,NA,NA,NA,NA
LASC013072,NA,NA,NA,NA,NA,NA,NA,NA,NA,48,NA,NA,NA,NA
LASC013608,NA,NA,NA,NA,NA,NA,NA,NA,NA,49,NA,NA,NA,NA
LASC000340,NA,NA,NA,NA,NA,NA,NA,NA,NA,50,NA,NA,NA,NA
pzp,NA,NA,NA,NA,NA,NA,NA,NA,NA,51,NA,NA,NA,NA
LASC013801,NA,NA,NA,NA,NA,NA,NA,NA,NA,52,NA,NA,NA,NA
LASC009143,NA,NA,NA,NA,NA,NA,NA,NA,NA,53,NA,NA,NA,NA
LASC007109,NA,NA,NA,NA,NA,NA,NA,NA,NA,54,NA,NA,NA,NA
lrrn3,NA,NA,NA,NA,NA,NA,NA,NA,NA,55,NA,NA,NA,NA
LASC008305,NA,NA,NA,NA,NA,NA,NA,NA,NA,56,NA,NA,NA,NA
grn_8,NA,NA,NA,NA,NA,NA,NA,NA,NA,57,NA,NA,NA,NA
LASC011565,NA,NA,NA,NA,NA,NA,NA,NA,NA,58,NA,NA,NA,NA
grn_6,NA,NA,NA,NA,NA,NA,NA,NA,NA,59,NA,NA,NA,NA
LASC009842,NA,NA,NA,NA,NA,NA,NA,NA,NA,NA,34,47,NA,NA
ppn_2,NA,NA,NA,NA,NA,NA,NA,NA,NA,60,NA,NA,NA,NA
LASC013070,NA,NA,NA,NA,NA,NA,NA,NA,NA,61,NA,NA,NA,NA
hebp2,NA,NA,NA,NA,NA,NA,NA,NA,NA,62,NA,NA,NA,NA
FlSpa,NA,NA,NA,NA,NA,NA,NA,NA,NA,NA,36,NA,NA,NA
LASC001436,NA,NA,NA,NA,NA,NA,NA,NA,NA,64,NA,NA,NA,NA
LASC020819,NA,NA,NA,NA,NA,NA,NA,NA,NA,66,NA,NA,NA,NA
abhd11_20,NA,NA,NA,NA,NA,NA,NA,NA,NA,67,NA,NA,NA,NA
LASC002796,NA,NA,NA,NA,NA,NA,NA,NA,NA,68,NA,NA,NA,NA
LASC013405,NA,NA,NA,NA,NA,NA,NA,NA,NA,69,NA,NA,NA,NA
sod3,NA,NA,NA,NA,NA,NA,NA,NA,NA,71,NA,NA,NA,NA
LASC012206,NA,NA,NA,NA,NA,NA,NA,NA,NA,73,NA,NA,NA,NA
LASC009362,NA,NA,NA,NA,NA,NA,NA,NA,NA,74,NA,NA,NA,NA
mat1a,NA,NA,NA,NA,NA,NA,NA,NA,NA,75,NA,NA,NA,NA
LASC016867,NA,NA,NA,NA,NA,NA,NA,NA,NA,76,NA,NA,NA,NA
LASC015022,NA,NA,NA,NA,NA,NA,NA,NA,NA,77,NA,NA,NA,NA
tat_2,NA,NA,NA,NA,NA,NA,NA,NA,NA,78,NA,NA,NA,NA
epb41l3_2,NA,NA,NA,NA,NA,NA,NA,NA,NA,79,NA,NA,NA,NA
plin2,NA,NA,NA,NA,NA,NA,NA,NA,NA,80,NA,NA,NA,NA
LASC022638,NA,NA,NA,NA,NA,NA,NA,NA,NA,81,NA,NA,NA,NA
lrp1_cblif,NA,NA,NA,NA,NA,NA,NA,NA,NA,82,NA,NA,NA,NA
LASC016866,NA,NA,NA,NA,NA,NA,NA,NA,NA,84,NA,NA,NA,NA
LASC004546,NA,NA,NA,NA,NA,NA,NA,NA,NA,86,NA,NA,NA,NA
tgfbi_2,NA,NA,NA,NA,NA,NA,NA,NA,NA,87,NA,NA,NA,NA
sowahc,NA,NA,NA,NA,NA,NA,NA,NA,NA,88,NA,NA,NA,NA
LASC012458,NA,NA,NA,NA,NA,NA,NA,NA,NA,89,NA,NA,NA,NA
sumf1,NA,NA,NA,NA,NA,NA,NA,NA,NA,NA,NA,NA,37,NA
nt1,NA,NA,NA,NA,NA,NA,NA,NA,NA,NA,NA,NA,NA,53
acsl1_acsl5,NA,NA,NA,NA,NA,NA,NA,NA,NA,NA,NA,NA,88,NA
LASC006986,NA,NA,NA,NA,NA,NA,NA,NA,NA,NA,NA,NA,NA,37
tmem68_2,NA,NA,NA,NA,NA,NA,NA,NA,NA,NA,NA,NA,47,NA
cldnd1,NA,NA,NA,NA,NA,NA,NA,NA,NA,NA,NA,45,NA,NA
sdr2b,NA,NA,NA,NA,NA,NA,NA,NA,NA,NA,NA,NA,5,NA
LASC022112,NA,NA,NA,NA,NA,NA,NA,NA,NA,NA,NA,NA,13,NA
xxylt1,NA,NA,NA,NA,NA,NA,NA,NA,NA,NA,NA,NA,10,NA
rps7,NA,NA,NA,NA,NA,NA,NA,NA,NA,NA,NA,12,NA,NA
dap,NA,NA,NA,NA,NA,NA,NA,NA,NA,NA,NA,17,NA,NA
kcp_3,NA,NA,NA,NA,NA,NA,NA,NA,NA,NA,NA,NA,NA,52
LASC004995,NA,NA,NA,NA,NA,NA,NA,NA,NA,NA,NA,NA,NA,67
LASC005504,NA,NA,NA,NA,NA,NA,NA,NA,NA,NA,NA,NA,NA,83
LASC009571,NA,NA,NA,NA,NA,NA,NA,NA,NA,NA,NA,NA,NA,45
slc17a8,NA,NA,NA,NA,NA,NA,NA,NA,NA,NA,NA,NA,NA,49
LASC020142,NA,NA,NA,NA,NA,NA,NA,NA,NA,NA,NA,NA,NA,64
LASC017515,NA,NA,NA,NA,NA,NA,NA,NA,NA,NA,NA,NA,NA,22
cdh23_2,NA,NA,NA,NA,NA,NA,NA,NA,NA,NA,NA,NA,8,NA
cyp3a21,NA,NA,NA,NA,NA,NA,NA,NA,NA,NA,NA,25,NA,NA
mj0678,NA,NA,NA,NA,NA,NA,NA,NA,NA,NA,NA,NA,NA,29
rassf10,NA,NA,NA,NA,NA,NA,NA,NA,NA,NA,NA,NA,NA,62
garem1,NA,NA,NA,NA,NA,NA,NA,NA,NA,NA,NA,NA,NA,32
stox1,NA,NA,NA,NA,NA,NA,NA,NA,NA,NA,NA,NA,NA,17
syx1a,NA,NA,NA,NA,NA,NA,NA,NA,NA,NA,NA,NA,NA,80
hrh1_2,NA,NA,NA,NA,NA,NA,NA,NA,NA,NA,NA,NA,NA,50
LASC010312,NA,NA,NA,NA,NA,NA,NA,NA,NA,NA,NA,NA,NA,57
LASC005740,NA,NA,NA,NA,NA,NA,NA,NA,NA,NA,NA,NA,NA,66
rpl9_2,NA,NA,NA,NA,NA,NA,NA,NA,NA,NA,NA,13,NA,NA
slc5a9_slc5a11,NA,NA,NA,NA,NA,NA,NA,NA,NA,NA,NA,NA,44,NA
LASC015405,NA,NA,NA,NA,NA,NA,NA,NA,NA,NA,NA,NA,81,NA
slc10a2_2,NA,NA,NA,NA,NA,NA,NA,NA,NA,NA,NA,NA,93,NA
rdr1,NA,NA,NA,NA,NA,NA,NA,NA,NA,NA,NA,NA,77,NA
flvcr2_2,NA,NA,NA,NA,NA,NA,NA,NA,NA,NA,NA,NA,86,NA
upk1b_tspan36,NA,NA,NA,NA,NA,NA,NA,NA,NA,NA,NA,NA,NA,44
LASC001429,NA,NA,NA,NA,NA,NA,NA,NA,NA,NA,NA,NA,61,NA
LASC001460,NA,NA,NA,NA,NA,NA,NA,NA,NA,NA,NA,NA,NA,23
lrrc6,NA,NA,NA,NA,NA,NA,NA,NA,NA,NA,NA,NA,98,NA
LASC001050,NA,NA,NA,NA,NA,NA,NA,NA,NA,NA,NA,NA,7,NA
ago3_ago4_2,NA,NA,NA,NA,NA,NA,NA,NA,NA,NA,NA,48,NA,NA
hpgd_13,NA,NA,NA,NA,NA,NA,NA,NA,NA,NA,NA,NA,NA,59
LASC022034,NA,NA,NA,NA,NA,NA,NA,NA,NA,NA,NA,NA,NA,77
nrf-6_50,NA,NA,NA,NA,NA,NA,NA,NA,NA,NA,NA,NA,99,NA
nrf-6_3,NA,NA,NA,NA,NA,NA,NA,NA,NA,NA,NA,NA,96,NA
LASC016933,NA,NA,NA,NA,NA,NA,NA,NA,NA,NA,NA,NA,NA,78
elovl6,NA,NA,NA,NA,NA,NA,NA,NA,NA,NA,NA,NA,2,NA
LASC010388,NA,NA,NA,NA,NA,NA,NA,NA,NA,NA,NA,NA,NA,76
LASC022161,NA,NA,NA,NA,NA,NA,NA,NA,NA,NA,NA,NA,24,NA
LASC022353,NA,NA,NA,NA,NA,NA,NA,NA,NA,NA,NA,NA,50,NA
nupr1,NA,NA,NA,NA,NA,NA,NA,NA,NA,NA,NA,36,NA,NA
fzd4,NA,NA,NA,NA,NA,NA,NA,NA,NA,NA,NA,NA,NA,7
reck_2,NA,NA,NA,NA,NA,NA,NA,NA,NA,NA,NA,NA,NA,18
mpv17l2_2,NA,NA,NA,NA,NA,NA,NA,NA,NA,NA,NA,29,NA,NA
c1galta,NA,NA,NA,NA,NA,NA,NA,NA,NA,NA,NA,NA,64,NA
LASC013178,NA,NA,NA,NA,NA,NA,NA,NA,NA,NA,NA,24,NA,NA
ubx,NA,NA,NA,NA,NA,NA,NA,NA,NA,NA,NA,NA,NA,2
mfsd6_15,NA,NA,NA,NA,NA,NA,NA,NA,NA,NA,NA,7,NA,NA
mfsd6_16,NA,NA,NA,NA,NA,NA,NA,NA,NA,NA,NA,37,NA,NA
aael003512,NA,NA,NA,NA,NA,NA,NA,NA,NA,NA,NA,NA,NA,20
rps25,NA,NA,NA,NA,NA,NA,NA,NA,NA,NA,NA,11,NA,NA
LASC008645,NA,NA,NA,NA,NA,NA,NA,NA,NA,NA,NA,NA,NA,4
nhs,NA,NA,NA,NA,NA,NA,NA,NA,NA,NA,NA,NA,NA,9
rnasek,NA,NA,NA,NA,NA,NA,NA,NA,NA,NA,NA,NA,NA,65
pde10a,NA,NA,NA,NA,NA,NA,NA,NA,NA,NA,NA,41,NA,NA
b4gat1_4,NA,NA,NA,NA,NA,NA,NA,NA,NA,NA,NA,NA,NA,30
sn,NA,NA,NA,NA,NA,NA,NA,NA,NA,NA,NA,NA,NA,69
LASC021818,NA,NA,NA,NA,NA,NA,NA,NA,NA,NA,NA,NA,NA,6
LASC010420,NA,NA,NA,NA,NA,NA,NA,NA,NA,NA,NA,46,NA,NA
adf1_2,NA,NA,NA,NA,NA,NA,NA,NA,NA,NA,NA,16,NA,NA
LASC000038,NA,NA,NA,NA,NA,NA,NA,NA,NA,NA,NA,NA,NA,47
slc16a3_2,NA,NA,NA,NA,NA,NA,NA,NA,NA,NA,NA,NA,56,NA
scnn1a_2,NA,NA,NA,NA,NA,NA,NA,NA,NA,NA,NA,50,NA,NA
LASC017285,NA,NA,NA,NA,NA,NA,NA,NA,NA,NA,NA,NA,NA,25
slc5a8_10,NA,NA,NA,NA,NA,NA,NA,NA,NA,NA,NA,NA,NA,51
LASC003058,NA,NA,NA,NA,NA,NA,NA,NA,NA,NA,NA,NA,NA,81
mas_ppaf2,NA,NA,NA,NA,NA,NA,NA,NA,NA,NA,NA,NA,NA,27
hsp70b2_7,NA,NA,NA,NA,NA,NA,NA,NA,NA,NA,NA,35,NA,NA
cg5065_5,NA,NA,NA,NA,NA,NA,NA,NA,NA,NA,NA,NA,69,NA
n_3,NA,NA,NA,NA,NA,NA,NA,NA,NA,NA,NA,NA,NA,43
c38c10.2,NA,NA,NA,NA,NA,NA,NA,NA,NA,NA,NA,NA,NA,74
inx2_10,NA,NA,NA,NA,NA,NA,NA,NA,NA,NA,NA,NA,NA,26
spop_19,NA,NA,NA,NA,NA,NA,NA,NA,NA,NA,NA,NA,NA,84
LASC010014,NA,NA,NA,NA,NA,NA,NA,NA,NA,NA,NA,NA,38,NA
elovl1_7,NA,NA,NA,NA,NA,NA,NA,NA,NA,NA,NA,NA,35,NA
vnn1_4,NA,NA,NA,NA,NA,NA,NA,NA,NA,NA,NA,NA,NA,85
lhfpl4,NA,NA,NA,NA,NA,NA,NA,NA,NA,NA,NA,NA,15,NA
dhh-a,NA,NA,NA,NA,NA,NA,NA,NA,NA,NA,NA,NA,NA,21
usp54,NA,NA,NA,NA,NA,NA,NA,NA,NA,NA,NA,NA,52,NA
LASC003517,NA,NA,NA,NA,NA,NA,NA,NA,NA,NA,NA,44,NA,NA
nab1_nab,NA,NA,NA,NA,NA,NA,NA,NA,NA,NA,NA,NA,26,NA
shmt2,NA,NA,NA,NA,NA,NA,NA,NA,NA,NA,NA,26,NA,NA
slc35g1_5,NA,NA,NA,NA,NA,NA,NA,NA,NA,NA,NA,NA,28,NA
ush1g_2,NA,NA,NA,NA,NA,NA,NA,NA,NA,NA,NA,NA,NA,41
LASC016967,NA,NA,NA,NA,NA,NA,NA,NA,NA,NA,NA,NA,NA,38
galnt2,NA,NA,NA,NA,NA,NA,NA,NA,NA,NA,NA,NA,16,NA
LASC018530,NA,NA,NA,NA,NA,NA,NA,NA,NA,NA,NA,NA,NA,71
agrn_6,NA,NA,NA,NA,NA,NA,NA,NA,NA,NA,NA,NA,NA,14
slc13a5_3,NA,NA,NA,NA,NA,NA,NA,NA,NA,NA,NA,NA,NA,73
LASC020899,NA,NA,NA,NA,NA,NA,NA,NA,NA,NA,NA,NA,NA,34
LASC009424,NA,NA,NA,NA,NA,NA,NA,NA,NA,NA,NA,NA,22,NA
gale,NA,NA,NA,NA,NA,NA,NA,NA,NA,NA,NA,NA,25,NA
bmp1,NA,NA,NA,NA,NA,NA,NA,NA,NA,NA,NA,NA,46,NA
LASC002836,NA,NA,NA,NA,NA,NA,NA,NA,NA,NA,NA,NA,NA,12
LASC002844,NA,NA,NA,NA,NA,NA,NA,NA,NA,NA,NA,NA,NA,58
dhrs7_3,NA,NA,NA,NA,NA,NA,NA,NA,NA,NA,NA,NA,59,NA
lrrc4c_2,NA,NA,NA,NA,NA,NA,NA,NA,NA,NA,NA,NA,NA,31
LASC006288,NA,NA,NA,NA,NA,NA,NA,NA,NA,NA,NA,NA,NA,35
LASC017685,NA,NA,NA,NA,NA,NA,NA,NA,NA,NA,NA,14,NA,NA
rpl-36.a,NA,NA,NA,NA,NA,NA,NA,NA,NA,NA,NA,8,NA,NA
rpl22,NA,NA,NA,NA,NA,NA,NA,NA,NA,NA,NA,5,NA,NA
ndrg3_ndrg4-a,NA,NA,NA,NA,NA,NA,NA,NA,NA,NA,NA,NA,NA,60
LASC020782,NA,NA,NA,NA,NA,NA,NA,NA,NA,NA,NA,NA,NA,82
gale_2,NA,NA,NA,NA,NA,NA,NA,NA,NA,NA,NA,NA,NA,72
efnb2a,NA,NA,NA,NA,NA,NA,NA,NA,NA,NA,NA,NA,NA,63
LASC008201,NA,NA,NA,NA,NA,NA,NA,NA,NA,NA,NA,NA,NA,56
LASC001766,NA,NA,NA,NA,NA,NA,NA,NA,NA,NA,NA,NA,89,NA
cg9801,NA,NA,NA,NA,NA,NA,NA,NA,NA,NA,NA,NA,NA,10
LASC001826,NA,NA,NA,NA,NA,NA,NA,NA,NA,NA,NA,NA,NA,70
LASC011772,NA,NA,NA,NA,NA,NA,NA,NA,NA,NA,NA,NA,73,NA
hth,NA,NA,NA,NA,NA,NA,NA,NA,NA,NA,NA,NA,NA,16
LASC004246,NA,NA,NA,NA,NA,NA,NA,NA,NA,NA,NA,NA,71,NA
LASC005578,NA,NA,NA,NA,NA,NA,NA,NA,NA,NA,NA,NA,NA,55
LASC007251,NA,NA,NA,NA,NA,NA,NA,NA,NA,NA,NA,NA,NA,48
slc16a6_2,NA,NA,NA,NA,NA,NA,NA,NA,NA,NA,NA,NA,NA,24
ncam1_cadm2,NA,NA,NA,NA,NA,NA,NA,NA,NA,NA,NA,NA,NA,54
hs3st3b1_2,NA,NA,NA,NA,NA,NA,NA,NA,NA,NA,NA,NA,NA,40
